NAME,AGE,POS,TEAM,CLUB,MarketValue,CAPS,FORM,QUAL,EXP,LEV,PLAY,AVERAGE
Rayan Ait-Nouri,25,DEF,Algeria,Manchester City,€40.3m,38,54,93,48,98,37,76
Amine Gouiri,26,FWD,Algeria,Marseille,€27.0m,80,54,78,68,92,50,73
Riyad Mahrez,35,FWD,Algeria,Al Ahli SC,€5.1m,103,68,68,89,60,65,71
Ramy Bensebaini,31,DEF,Algeria,Dortmund,€7.0m,80,51,74,80,94,38,71
Ibrahim Maza,20,MID,Algeria,Bayer Leverkusen,€44.7m,29,61,80,29,77,65,69
Aissa Mandi,34,DEF,Algeria,Lille,€964k,108,66,50,86,92,62,66
Mohamed Amoura,26,FWD,Algeria,Wolfsburg,€19.0m,47,45,73,57,81,41,64
Nabil Bentaleb,31,MID,Algeria,Lille,€4.6m,54,57,58,75,92,42,63
Anis Hadj Moussa,24,FWD,Algeria,Feyenoord,€23.8m,20,75,74,30,62,44,62
Hicham Boudaoui,26,MID,Algeria,Nice,€11.4m,32,40,65,45,89,60,61
Fares Chaibi,23,FWD,Algeria,Eintracht Frankfurt,€14.5m,29,50,66,36,86,42,59
Ramiz Zerrouki,28,MID,Algeria,Twente,€6.3m,53,59,58,67,62,48,59
Houssem Aouar,27,MID,Algeria,Al Ittihad,€7.7m,38,55,60,52,60,61,58
Rafik Belghali,24,DEF,Algeria,Verona,€6.7m,14,41,65,25,77,64,57
Yacine Titraoui,22,MID,Algeria,Charleroi,€6.8m,11,53,53,18,58,50,48
Jaouen Hadjam,23,DEF,Algeria,Young Boys,€6.9m,22,42,64,30,50,16,47
Fares Ghedjemis,23,FWD,Algeria,Frosinone,€7.4m,1,64,55,12,45,38,46
Luca Zidane,28,GK,Algeria,Granada CF,€993k,24,46,48,43,45,39,45
Zineddine Belaid,27,DEF,Algeria,Kabylie,€1.7m,21,32,47,38,32,67,44
Samir Chergui,27,DEF,Algeria,Paris FC,€2.9m,5,30,55,25,74,14,44
Oussama Benbot,31,GK,Algeria,USM Alger,€820k,3,33,49,32,32,53,43
Mohamed Tougai,26,DEF,Algeria,Esperance Tunis,€1.3m,30,33,42,43,32,50,40
Adil Boulbina,23,FWD,Algeria,Al-Duhail,€3.0m,21,50,41,29,32,29,38
Nadir Benbouali,26,FWD,Algeria,Gyor,€1.1m,5,59,29,22,36,52,37
Achref Abada,26,DEF,Algeria,USM Alger,€993k,12,28,36,28,32,40,34
Melvin Mastil,26,GK,Algeria,Stade Nyonnais,€245k,2,50,14,20,28,47,27
Lionel Messi,38,FWD,Argentina,Inter Miami,€16.8m,173,100,101,95,60,81,98
Emiliano Martinez,33,GK,Argentina,Aston Villa,€12.1m,61,61,95,84,100,82,93
Alexis Mac Allister,27,MID,Argentina,Liverpool,€69.5m,56,62,94,67,100,65,87
Enzo Fernandez,25,MID,Argentina,Chelsea,€90.6m,42,72,96,51,92,68,86
Cristian Gabriel Romero,28,DEF,Argentina,Tottenham,€45.3m,59,51,99,72,100,31,82
Julian Alvarez,26,FWD,Argentina,Atl. Madrid,€100.7m,80,51,98,68,91,40,82
Lautaro Martinez,28,FWD,Argentina,Inter,€88.0m,90,55,99,73,94,27,82
Marcos Senesi,29,DEF,Argentina,Bournemouth,€24.5m,7,73,90,31,92,67,79
Rodrigo de Paul,32,MID,Argentina,Inter Miami,€14.3m,87,81,77,82,60,77,79
Nahuel Molina,28,DEF,Argentina,Atl. Madrid,€14.0m,64,47,80,73,96,50,75
Exequiel Palacios,27,MID,Argentina,Bayer Leverkusen,€24.5m,47,62,78,60,87,63,75
Geronimo Rulli,34,GK,Argentina,Marseille,€6.0m,17,50,86,51,92,50,74
Nico Paz,21,MID,Argentina,Como,€82.8m,20,70,91,23,82,50,73
Lisandro Martinez,28,DEF,Argentina,Manchester Utd,€38.6m,32,46,96,49,88,26,73
Leandro Paredes,31,MID,Argentina,Boca Juniors,€5.1m,77,79,59,80,80,75,72
Facundo Medina,27,DEF,Argentina,Marseille,€16.3m,35,55,82,50,88,44,70
Jose Lopez,25,FWD,Argentina,Palmeiras,€25.2m,5,69,76,20,62,100,70
Nicolas Otamendi,38,DEF,Argentina,Benfica,€1.0m,129,58,67,95,76,45,70
Giuliano Simeone,23,FWD,Argentina,Atl. Madrid,€39.1m,19,49,81,27,86,59,67
Nicolas Gonzalez,28,FWD,Argentina,Atl. Madrid,€20.9m,54,41,77,68,96,27,67
Valentin Barco,21,MID,Argentina,Strasbourg,€41.4m,16,66,80,20,77,58,67
Leonardo Balerdi,27,DEF,Argentina,Marseille,€17.1m,16,54,82,34,88,40,67
Juan Musso,32,GK,Argentina,Atl. Madrid,€2.9m,4,44,71,35,96,67,66
Nicolas Tagliafico,33,DEF,Argentina,Lyon,€4.0m,80,42,70,84,82,27,64
Thiago Almada,25,FWD,Argentina,Atl. Madrid,€15.1m,46,50,68,54,82,51,63
Giovani Lo Celso,30,MID,Argentina,Betis,€8.1m,70,44,65,77,98,25,63
Gonzalo Montiel,29,DEF,Argentina,River Plate,€4.5m,41,49,64,59,67,42,59
Mathew Ryan,34,GK,Australia,Levante,€1.7m,101,63,67,86,96,78,78
Alessandro Circati,22,DEF,Australia,Parma,€11.9m,14,57,72,21,78,78,65
Jordan Bos,23,DEF,Australia,Feyenoord,€12.3m,32,63,73,38,62,56,63
Cameron Burgess,30,DEF,Australia,Swansea,€1.5m,28,66,49,51,54,61,54
Jackson Irvine,33,MID,Australia,St. Pauli,€964k,84,48,38,84,80,46,53
Lucas Herrington,18,DEF,Australia,Colorado Rapids,€4.3m,13,59,53,11,40,100,53
Cristian Volpato,22,MID,Australia,Sassuolo,€9.8m,21,43,59,27,80,29,51
Harry Souttar,27,DEF,Australia,Leicester,€3.5m,47,33,58,60,53,33,50
Aiden O'Neill,27,MID,Australia,New York City,€2.9m,38,47,45,52,40,69,49
Nestory Irankunda,20,FWD,Australia,Watford,€7.8m,17,53,54,19,52,51,48
Aziz Behich,35,DEF,Australia,Melbourne City,€245k,79,66,27,89,40,54,47
Mohamed Toure,22,FWD,Australia,Norwich,€7.6m,17,52,55,23,52,36,47
Kai Trewin,25,MID,Australia,New York City,€1.7m,14,55,35,28,40,95,46
Connor Metcalfe,26,FWD,Australia,St. Pauli,€1.4m,44,42,33,55,78,40,45
Paul Izzo,31,GK,Australia,Randers FC,€496k,11,50,35,39,44,50,41
Paul Okon-Engstler,21,MID,Australia,Sydney FC,€1.2m,22,63,26,25,40,67,39
Ajdin Hrustic,29,MID,Australia,Heracles,€570k,40,52,23,58,66,23,38
Cameron Devlin,28,MID,Australia,Hearts,€2.0m,7,46,41,29,40,26,38
Mathew Leckie,35,FWD,Australia,Melbourne City,€277k,78,29,24,89,54,20,37
Patrick Beach,22,GK,Australia,Melbourne City,€979k,7,59,34,15,40,44,37
Milos Degenek,32,MID,Australia,APOEL,€421k,59,26,23,81,52,24,36
Jacob Italiano,24,MID,Australia,Grazer AK,€579k,18,48,17,29,44,66,34
Awer Mabil,30,FWD,Australia,Castellon,€482k,38,49,21,59,45,18,34
Jason Geria,33,DEF,Australia,Albirex Niigata,€333k,19,31,26,50,24,41,32
Tete Yengi,25,FWD,Australia,Machida,€421k,1,50,14,17,44,65,31
Nishan Velupillay,25,FWD,Australia,Melbourne Victory,€645k,16,49,20,29,40,41,31
Konrad Laimer,29,MID,Austria,Bayern Munich,€31.3m,94,55,84,75,94,71,82
Christoph Baumgartner,26,MID,Austria,RB Leipzig,€40.8m,82,62,85,68,94,53,79
Kevin Danso,27,DEF,Austria,Tottenham,€20.1m,63,48,85,70,99,48,77
Stefan Posch,29,DEF,Austria,Mainz,€6.0m,71,64,69,75,94,77,77
Philipp Lienhart,29,DEF,Austria,Freiburg,€10.1m,77,46,77,75,94,71,76
Romano Schmid,26,MID,Austria,Werder Bremen,€15.1m,70,72,69,68,89,55,72
Nicolas Seiwald,25,MID,Austria,RB Leipzig,€24.5m,62,57,76,66,83,50,71
Marco Friedl,28,DEF,Austria,Werder Bremen,€10.1m,39,57,75,55,93,48,70
David Affengruber,25,DEF,Austria,Elche,€19.6m,12,61,82,26,81,64,70
Marcel Sabitzer,32,MID,Austria,Dortmund,€6.1m,103,55,64,82,94,54,70
Xaver Schlager,28,MID,Austria,RB Leipzig,€9.8m,72,53,65,73,89,46,66
David Alaba,33,DEF,Austria,Real Madrid,€2.9m,104,37,65,84,98,21,62
Marko Arnautovic,37,FWD,Austria,Crvena zvezda,€2.0m,121,44,62,93,72,32,61
Phillipp Mwene,32,DEF,Austria,Mainz,€1.4m,39,51,51,64,86,69,61
Alexander Schlager,30,GK,Austria,Salzburg,€1.9m,46,61,61,66,44,64,59
Patrick Wimmer,25,MID,Austria,Wolfsburg,€11.6m,45,44,64,53,87,34,59
Sasa Kalajdzic,28,FWD,Austria,LASK,€3.9m,27,60,51,45,87,55,57
Michael Gregoritsch,32,FWD,Austria,Augsburg,€1.5m,92,56,42,82,94,40,57
Paul Wanner,20,MID,Austria,PSV,€20.9m,28,61,69,28,66,36,57
Florian Grillitsch,30,MID,Austria,Braga,€2.4m,77,50,46,77,82,43,56
Patrick Pentz,29,GK,Austria,Brondby,€2.1m,20,54,61,42,45,67,56
Alexander Prass,25,MID,Austria,Hoffenheim,€8.8m,35,51,60,45,80,33,55
Michael Svoboda,27,DEF,Austria,Venezia,€3.4m,4,74,57,24,47,65,55
Carney Chukwuemeka,22,MID,Austria,Dortmund,€19.0m,21,42,69,27,82,23,54
Florian Wiegele,25,GK,Austria,Plzen,€2.1m,2,59,56,18,44,64,50
Dejan Ljubicic,28,MID,Austria,Schalke,€2.9m,22,58,46,41,56,57,50
Alessandro Schopf,32,MID,Austria,Wolfsberger AC,€772k,48,45,32,72,58,35,44
Thibaut Courtois,34,GK,Belgium,Real Madrid,€14.7m,100,55,100,86,98,44,88
Jeremy Doku,24,FWD,Belgium,Manchester City,€79.8m,62,70,93,64,96,66,87
Youri Tielemans,29,MID,Belgium,Aston Villa,€30.6m,99,60,84,75,100,87,86
Leandro Trossard,31,FWD,Belgium,Arsenal,€17.6m,52,59,78,73,100,53,77
Mike Penders,20,GK,Belgium,Strasbourg,€24.1m,13,62,89,15,75,94,76
Senne Lammens,23,GK,Belgium,Manchester Utd,€34.3m,15,60,97,24,83,56,76
Kevin De Bruyne,34,MID,Belgium,Napoli,€8.6m,112,54,74,86,94,57,76
Amadou Onana,24,MID,Belgium,Aston Villa,€44.0m,49,52,84,54,95,58,75
Timothy Castagne,30,DEF,Belgium,Fulham,€7.8m,71,53,74,77,100,56,75
Charles De Ketelaere,25,MID,Belgium,Atalanta,€29.8m,45,61,79,53,88,68,75
Axel Witsel,37,MID,Belgium,Girona,€1.2m,116,56,54,93,98,62,69
Alexis Saelemaekers,26,MID,Belgium,AC Milan,€19.9m,38,59,74,50,94,46,68
Nathan Ngoy,23,DEF,Belgium,Lille,€24.5m,10,60,84,20,75,60,68
Maxim De Cuyper,25,DEF,Belgium,Brighton,€22.8m,27,52,85,38,83,37,67
Thomas Meunier,34,DEF,Belgium,Lille,€1.5m,83,58,57,86,92,56,67
Arthur Theate,26,DEF,Belgium,Eintracht Frankfurt,€16.9m,43,46,81,54,89,29,67
Koni De Winter,24,DEF,Belgium,AC Milan,€21.5m,28,49,83,37,84,40,66
Hans Vanaken,33,MID,Belgium,Club Brugge KV,€5.4m,36,76,64,64,58,55,64
Joaquin Seys,21,DEF,Belgium,Club Brugge KV,€19.0m,13,62,78,18,58,73,64
Dodi Lukebakio,28,FWD,Belgium,Benfica,€15.1m,47,46,72,62,98,20,63
Brandon Mechele,33,DEF,Belgium,Club Brugge KV,€2.8m,14,68,64,46,58,77,63
Zeno Debast,22,DEF,Belgium,Sporting CP,€27.0m,36,39,84,39,62,40,62
Romelu Lukaku,33,FWD,Belgium,Napoli,€6.0m,117,32,66,84,94,10,60
Matias Fernandez-Pardo,21,FWD,Belgium,Lille,€33.3m,13,50,77,18,77,40,59
Diego Moreira,21,MID,Belgium,Strasbourg,€24.1m,31,50,72,33,79,37,59
Nicolas Raskin,25,MID,Belgium,Rangers,€12.1m,37,65,65,47,40,40,55
Ermedin Demirovic,28,FWD,Bosnia & Herzegovina,Stuttgart,€20.6m,69,49,76,73,93,62,75
Tarik Muharemovic,23,DEF,Bosnia & Herzegovina,Sassuolo,€25.2m,29,58,84,36,78,69,72
Nikola Vasilj,30,GK,Bosnia & Herzegovina,St. Pauli,€4.1m,29,56,72,51,81,72,70
Sead Kolasinac,32,DEF,Bosnia & Herzegovina,Atalanta,€3.7m,67,42,66,82,94,55,69
Amar Dedic,23,DEF,Bosnia & Herzegovina,Benfica,€15.2m,43,47,76,47,63,56,64
Edin Dzeko,40,FWD,Bosnia & Herzegovina,Schalke,€1.0m,122,47,57,100,94,21,62
Kerim Alajbegovic,18,FWD,Bosnia & Herzegovina,Salzburg,€22.8m,28,63,69,23,44,57,56
Haris Tabakovic,31,FWD,Bosnia & Herzegovina,B. Monchengladbach,€3.2m,25,52,52,50,80,39,54
Martin Zlomislic,27,GK,Bosnia & Herzegovina,Rijeka,€1.8m,5,45,56,25,44,69,50
Stjepan Radeljic,28,DEF,Bosnia & Herzegovina,Rijeka,€2.7m,15,48,55,35,44,53,49
Amir Hadziahmetovic,29,MID,Bosnia & Herzegovina,Hull,€3.8m,56,40,52,72,52,25,49
Nikola Katic,29,DEF,Bosnia & Herzegovina,Schalke,€1.8m,25,53,50,46,48,36,48
Esmir Bajraktarevic,21,FWD,Bosnia & Herzegovina,PSV,€7.7m,25,39,54,28,62,42,48
Amar Memic,25,FWD,Bosnia & Herzegovina,Plzen,€4.4m,20,49,49,33,44,48,46
Nidal Celik,19,DEF,Bosnia & Herzegovina,Lens,€6.3m,19,28,60,18,73,19,45
Armin Gigovic,24,MID,Bosnia & Herzegovina,Young Boys,€2.3m,49,49,38,54,51,44,45
Dzenis Burnic,28,DEF,Bosnia & Herzegovina,Karlsruher SC,€1.1m,43,39,41,59,49,39,44
Ivan Sunjic,29,MID,Bosnia & Herzegovina,Pafos,€1.8m,37,26,40,56,38,69,44
Benjamin Tahirovic,23,MID,Bosnia & Herzegovina,Brondby,€4.3m,29,38,47,36,45,37,42
Dennis Hadzikadunic,27,DEF,Bosnia & Herzegovina,Sampdoria,€1.1m,48,43,40,60,45,16,41
Jovo Lukic,27,FWD,Bosnia & Herzegovina,U. Cluj,€2.1m,7,46,40,26,36,49,40
Ermin Mahmic,21,MID,Bosnia & Herzegovina,Liberec,€4.9m,9,42,47,14,44,31,39
Nihad Mujakic,28,DEF,Bosnia & Herzegovina,Gaziantep,€1.1m,19,31,41,39,58,20,39
Ivan Basic,24,MID,Bosnia & Herzegovina,FC Astana,€1.4m,35,33,31,43,32,64,38
Samed Bazdar,22,FWD,Bosnia & Herzegovina,Jagiellonia,€1.4m,24,35,29,29,44,21,31
Arjan Malic,20,MID,Bosnia & Herzegovina,Sturm Graz,€1.7m,18,41,30,20,44,21,31
Mladen Jurkas,18,GK,Bosnia & Herzegovina,Borac Banja Luka,—,9,22,1,8,36,56,18
Vinicius Junior,25,FWD,Brazil,Real Madrid,€146.9m,56,82,103,63,98,83,97
Gabriel,28,DEF,Brazil,Arsenal,€75.5m,24,62,106,43,100,85,93
Marquinhos,32,DEF,Brazil,PSG,€28.6m,114,54,98,82,92,64,88
Matheus Cunha,27,FWD,Brazil,Manchester Utd,€73.4m,52,65,95,64,100,48,84
Bruno Guimaraes,28,MID,Brazil,Newcastle,€71.5m,59,52,96,72,100,43,83
Alisson,33,GK,Brazil,Liverpool,€15.1m,80,45,98,84,100,22,82
Raphinha,29,FWD,Brazil,Barcelona,€76.4m,40,58,98,58,98,32,81
Bremer,29,DEF,Brazil,Juventus,€35.2m,8,59,96,32,94,56,79
Lucas Paqueta,28,MID,Brazil,Flamengo RJ,€32.2m,70,57,83,73,82,54,76
Casemiro,34,MID,Brazil,Manchester Utd,€6.1m,97,68,68,86,100,50,75
Leo Pereira,30,DEF,Brazil,Flamengo RJ,€11.7m,13,55,81,38,62,97,73
Igor Thiago,24,FWD,Brazil,Brentford,€63.6m,5,58,89,18,85,62,72
Weverton,38,GK,Brazil,Gremio,€685k,15,61,70,58,62,100,72
Ederson,32,GK,Brazil,Fenerbahce,€9.2m,33,45,88,59,78,40,71
Neymar,34,FWD,Brazil,Santos,€8.1m,135,48,73,86,77,53,71
Gabriel Martinelli,24,FWD,Brazil,Arsenal,€44.7m,29,51,84,38,99,41,70
Fabinho,32,MID,Brazil,Al Ittihad,€11.7m,35,69,74,61,60,60,69
Danilo,34,DEF,Brazil,Flamengo RJ,€2.0m,84,44,61,86,82,69,68
Ibanez,27,DEF,Brazil,Al Ahli SC,€18.1m,12,64,83,30,51,69,67
Ederson,26,MID,Brazil,Atalanta,€43.4m,4,52,86,22,90,44,67
Douglas Santos,32,DEF,Brazil,Zenit,€7.4m,14,55,77,43,57,76,67
Endrick,19,FWD,Brazil,Lyon,€39.7m,27,67,78,25,82,46,65
Danilo Santos,25,MID,Brazil,Botafogo RJ,€31.8m,5,53,80,20,67,70,65
Alex Sandro,35,DEF,Brazil,Flamengo RJ,€979k,48,46,53,79,82,77,64
Wesley Franca,22,DEF,Brazil,AS Roma,€39.1m,8,48,90,16,77,25,63
Luiz Henrique,25,FWD,Brazil,Zenit,€23.8m,16,55,75,29,57,68,62
Rayan,19,FWD,Brazil,Bournemouth,€61.3m,27,59,85,25,42,37,59
Jonathan David,26,FWD,Canada,Juventus,€29.8m,78,58,80,68,94,52,76
Alphonso Davies,25,DEF,Canada,Bayern Munich,€40.3m,56,46,93,63,91,20,74
Ismael Kone,23,MID,Canada,Sassuolo,€24.1m,41,55,73,46,80,58,66
Tajon Buchanan,27,MID,Canada,Villarreal,€11.2m,65,47,66,70,84,42,63
Maxime Crepeau,32,GK,Canada,Orlando City,€1.7m,34,43,62,60,40,86,59
Dayne St.Clair,29,GK,Canada,Inter Miami,€3.3m,20,50,68,42,40,75,59
Cyle Larin,31,FWD,Canada,Southampton,€2.3m,89,56,47,80,71,55,58
Alistair Johnston,27,DEF,Canada,Celtic,€7.9m,59,39,70,70,40,42,57
Stephen Eustaquio,29,MID,Canada,Los Angeles FC,€5.8m,63,45,58,75,40,42,54
Jonathan Osorio,34,MID,Canada,Toronto FC,€950k,88,57,40,86,40,70,53
Richie Laryea,31,DEF,Canada,Toronto FC,€964k,77,54,44,80,40,55,51
Liam Millar,26,FWD,Canada,Hull,€2.9m,39,57,44,51,52,64,51
Tanitoluwa Oluwaseyi,26,FWD,Canada,Villarreal,€6.7m,25,37,57,39,80,27,51
Derek Cornelius,28,DEF,Canada,Marseille,€2.4m,45,33,53,60,74,24,50
Nathan Saliba,22,MID,Canada,Anderlecht,€7.1m,15,47,54,22,58,58,49
Ali Ahmed,25,MID,Canada,Norwich,€5.0m,25,58,51,37,52,40,49
Moise Bombito,26,DEF,Canada,Nice,€6.6m,20,23,67,35,75,2,48
Joel Waterman,30,DEF,Canada,Chicago Fire,€1.9m,17,45,53,41,40,47,47
Promise David,24,FWD,Canada,Royale Union SG,€16.2m,11,40,68,23,58,4,47
Niko Sigur,22,MID,Canada,Hajduk Split,€3.8m,28,56,44,32,44,62,47
Alfie Jones,28,DEF,Canada,Middlesbrough,€5.8m,2,28,67,24,52,1,44
Mathieu Choiniere,27,MID,Canada,Los Angeles FC,€772k,26,55,25,42,40,77,41
Marcelo Flores,22,MID,Canada,Tigres UANL,€4.4m,14,42,46,21,56,27,41
Jacob Shaffelburg,26,FWD,Canada,Los Angeles FC,€2.4m,32,43,41,45,40,27,40
Jayden Nelson,23,FWD,Canada,Austin FC,€1.9m,22,42,34,30,40,25,34
Luc De Fougerolles,20,DEF,Canada,Dender,€979k,14,46,27,16,58,36,34
Owen Goodman,22,GK,Canada,Barnsley,€515k,1,43,19,10,32,50,27
Wagner Pina,23,DEF,Cape Verde,Trabzonspor,€10.3m,12,54,70,21,58,66,59
Logan Costa,25,DEF,Cape Verde,Villarreal,€14.7m,28,25,78,39,85,10,56
Kevin Lenini,29,MID,Cape Verde,Krasnodar,€4.6m,30,42,55,50,52,74,55
Steven Moreira,31,DEF,Cape Verde,Columbus Crew,€1.4m,25,43,50,50,52,77,53
Sidny Lopes Cabral,23,DEF,Cape Verde,Benfica,€4.3m,9,45,57,19,62,22,46
Helio Varela,24,FWD,Cape Verde,Maccabi Tel Aviv,€2.3m,18,50,38,29,58,65,45
Ryan Mendes,36,FWD,Cape Verde,Igdir FK,€187k,73,48,21,91,63,47,45
Diney Borges,31,DEF,Cape Verde,Al Bataeh,€779k,29,51,40,54,32,50,44
Stopira,38,DEF,Cape Verde,Torreense,€52k,40,34,16,79,62,67,42
Telmo Arcanjo,24,MID,Cape Verde,Vitoria Guimaraes,€2.9m,15,45,42,26,62,30,41
Joao Paulo,28,MID,Cape Verde,FCSB,€855k,39,54,27,55,36,61,41
Deroy Duarte,26,MID,Cape Verde,Ludogorets,€1.7m,39,27,36,51,32,70,41
Willy Semedo,32,FWD,Cape Verde,Omonia,€936k,38,27,35,63,36,54,41
Jamiro Monteiro,32,MID,Cape Verde,Zwolle,€627k,48,40,29,72,62,23,41
Laros Duarte,29,MID,Cape Verde,Puskas Academy,€979k,31,52,31,51,36,51,40
Jovane Cabral,28,FWD,Cape Verde,Estrela,€936k,26,50,29,44,64,37,40
Garry Rodrigues,35,FWD,Cape Verde,Apollon,€272k,47,25,23,78,36,56,38
Roberto Lopes,33,DEF,Cape Verde,Shamrock Rovers,€241k,43,49,19,70,28,57,37
Benchimol,24,FWD,Cape Verde,Akron Togliatti,€1.1m,22,42,27,32,52,48,36
Nuno Da Costa,35,FWD,Cape Verde,Basaksehir,€374k,8,35,28,45,68,16,36
Vozinha,40,GK,Cape Verde,Chaves,€40k,63,25,15,100,36,42,36
Dailon Livramento,25,FWD,Cape Verde,Casa Pia,€749k,21,39,22,33,65,42,35
Marcio Rosa,29,GK,Cape Verde,Montana,€382k,8,24,22,32,32,61,31
Kelvin Pires,26,DEF,Cape Verde,SJK,€403k,4,42,17,22,32,58,29
Yannick Semedo,30,MID,Cape Verde,SC Farense,€241k,10,24,13,36,36,50,26
Carlos Joaquim dos Santos,25,GK,Cape Verde,San Diego FC,€117k,2,32,8,18,40,14,18
Luis Diaz,29,FWD,Colombia,Bayern Munich,€73.5m,79,83,97,75,88,78,94
Daniel Munoz,30,DEF,Colombia,Crystal Palace,€21.5m,46,53,90,66,88,84,84
Davinson Sanchez,30,DEF,Colombia,Galatasaray,€15.9m,91,57,85,77,72,61,78
Jhon Lucumi,27,DEF,Colombia,Bologna,€21.5m,37,53,86,51,87,64,76
Luis Suarez,28,FWD,Colombia,Sporting CP,€29.4m,12,76,82,33,73,81,75
Jhon Arias,28,FWD,Colombia,Palmeiras,€15.3m,39,64,72,55,65,99,73
Jhon Cordoba,33,FWD,Colombia,Krasnodar,€9.8m,29,54,73,58,64,78,69
Cucho Hernandez,27,FWD,Colombia,Betis,€18.1m,23,54,73,40,93,58,67
Willer Ditta,29,DEF,Colombia,Cruz Azul,€5.5m,12,73,67,35,56,91,66
Jefferson Lerma,31,MID,Colombia,Crystal Palace,€5.8m,68,39,61,80,100,53,66
Richard Rios,26,MID,Colombia,Benfica,€25.2m,32,55,77,45,62,53,64
Yerry Mina,31,DEF,Colombia,Cagliari,€2.5m,56,49,58,76,91,49,63
Jorge Carrascal,28,FWD,Colombia,Flamengo RJ,€12.5m,32,49,69,49,62,65,62
Santiago Arias,34,DEF,Colombia,Independiente,€1.2m,79,57,53,86,65,61,62
Alvaro Montero,31,GK,Colombia,Velez Sarsfield,€2.4m,21,53,66,47,60,72,61
Johan Mojica,33,DEF,Colombia,Mallorca,€1.4m,45,48,53,72,98,42,60
Camilo Vargas,37,GK,Colombia,Atlas,€421k,42,53,56,78,56,63,60
Andres Gomez,23,FWD,Colombia,Vasco,€10.8m,11,55,61,21,64,67,56
Juan Quintero,33,MID,Colombia,River Plate,€1.8m,58,59,47,82,63,34,54
James Rodriguez,34,MID,Colombia,Minnesota United,€1.6m,121,56,48,86,54,35,54
Gustavo Puerta,22,MID,Colombia,Racing Santander,€9.8m,31,52,59,35,45,66,53
Deiver Machado,32,DEF,Colombia,Nantes,€1.7m,19,38,54,48,84,31,52
Jaminton Campaz,26,FWD,Colombia,Rosario Central,€5.4m,17,55,53,32,60,55,52
Juan Portilla,27,MID,Colombia,Athletico-PR,€4.8m,10,40,53,29,62,46,48
David Ospina,37,GK,Colombia,Atl. Nacional,€98k,97,40,20,93,68,45,44
Kevin Castano,25,MID,Colombia,River Plate,€4.8m,25,31,51,37,60,11,42
Josip Stanisic,26,DEF,Croatia,Bayern Munich,€39.7m,34,63,94,47,83,84,84
Luka Modric,40,MID,Croatia,AC Milan,€3.5m,157,61,77,100,94,45,79
Josko Gvardiol,24,DEF,Croatia,Manchester City,€70.5m,62,31,101,64,94,19,75
Luka Vuskovic,19,DEF,Croatia,Hamburger SV,€62.1m,24,67,95,22,77,45,73
Nikola Vlasic,28,MID,Croatia,Torino,€9.6m,87,62,65,73,91,56,69
Dominik Livakovic,31,GK,Croatia,Din. Zagreb,€3.9m,90,47,73,80,58,70,69
Martin Baturina,23,MID,Croatia,Como,€30.2m,34,66,77,40,77,61,69
Petar Sucic,22,MID,Croatia,Inter,€39.7m,31,61,80,35,78,57,69
Igor Matanovic,23,FWD,Croatia,Freiburg,€21.5m,22,64,72,30,79,75,67
Ivan Perisic,37,FWD,Croatia,PSV,€1.2m,150,77,54,93,82,45,67
Andrej Kramaric,34,FWD,Croatia,Hoffenheim,€2.6m,122,66,55,86,94,43,66
Mario Pasalic,31,MID,Croatia,Atalanta,€5.9m,97,56,62,80,94,39,66
Mateo Kovacic,32,MID,Croatia,Manchester City,€10.1m,116,36,72,82,100,21,66
Ante Budimir,34,FWD,Croatia,Osasuna,€2.7m,39,55,56,69,98,65,66
Marin Pongracic,28,DEF,Croatia,Fiorentina,€6.1m,22,52,68,41,88,64,65
Nikola Moro,28,MID,Croatia,Bologna,€6.9m,60,56,60,73,84,48,63
Duje Caleta-Car,29,DEF,Croatia,Real Sociedad,€2.7m,64,41,57,75,96,55,63
Josip Sutalo,26,DEF,Croatia,Ajax,€11.9m,46,38,76,57,62,49,62
Dominik Kotarski,26,GK,Croatia,FC Copenhagen,€4.8m,30,55,70,43,44,57,58
Ivor Pandur,26,GK,Croatia,Hull,€4.3m,7,59,68,24,53,67,58
Petar Musa,28,FWD,Croatia,FC Dallas,€11.6m,22,64,68,41,41,56,58
Martin Erlic,28,DEF,Croatia,Midtjylland,€3.9m,34,48,61,51,57,62,57
Luka Sucic,23,MID,Croatia,Real Sociedad,€9.8m,40,46,60,45,83,43,56
Kristijan Jakic,29,MID,Croatia,Augsburg,€5.9m,18,44,59,40,87,18,52
Toni Fruk,25,MID,Croatia,Rijeka,€9.1m,20,52,60,33,44,46,51
Marco Pasalic,25,FWD,Croatia,Orlando City,€6.4m,19,47,55,32,40,38,46
Juninho Bacuna,28,FWD,Curacao,FC Volendam,€1.6m,57,49,37,70,64,60,51
Eloy Room,37,GK,Curacao,Miami FC,€138k,60,50,29,93,32,80,49
Armando Obispo,27,DEF,Curacao,PSV,€3.9m,24,45,60,40,62,11,48
Joshua Brenet,32,DEF,Curacao,Kayserispor,€922k,30,40,45,57,59,30,46
Sherel Floranus,27,DEF,Curacao,Zwolle,€749k,46,51,31,59,62,53,45
Tahith Chong,26,FWD,Curacao,Sheffield Utd,€3.4m,26,41,46,40,57,36,45
Riechedly Bazoer,29,DEF,Curacao,Konyaspor,€1.4m,25,29,46,46,60,31,44
Deveron Fonville,23,DEF,Curacao,Nijmegen,€1.4m,2,60,40,13,62,44,43
Jurien Gaari,32,DEF,Curacao,Abha,€333k,56,54,23,78,24,64,41
Leandro Bacuna,34,DEF,Curacao,Igdir FK,€241k,71,45,23,86,42,47,41
Sontje Hansen,24,FWD,Curacao,Middlesbrough,€3.4m,32,29,44,40,52,21,39
Shurandy Sambo,24,DEF,Curacao,Sparta Rotterdam,€1.3m,18,43,39,29,62,23,39
Brandley Kuwas,33,MID,Curacao,FC Volendam,€238k,30,49,16,59,62,35,36
Kenji Gorre,31,FWD,Curacao,Maccabi Haifa,€579k,39,44,26,62,32,27,35
Tyrese Noslin,23,DEF,Curacao,Telstar,€723k,8,52,24,18,62,37,34
Jearl Margaritha,26,FWD,Curacao,Beveren,€964k,24,66,27,38,32,22,34
Jeremy Antonisse,24,FWD,Curacao,Kifisia,€749k,29,47,21,38,44,42,33
Roshon van Eijma,28,DEF,Curacao,Waalwijk,€362k,30,43,17,48,40,40,32
Jurgen Locadia,32,FWD,Curacao,Miami FC,€179k,16,40,13,45,38,57,31
Kevin Felida,26,MID,Curacao,Den Bosch,€374k,18,57,14,33,40,43,31
Arjany Martha,22,DEF,Curacao,Rotherham,€665k,11,45,21,18,32,45,29
Godfried Roemeratoe,26,MID,Curacao,Waalwijk,€318k,30,40,13,43,40,34,28
Livano Comenencia,22,MID,Curacao,Zurich,€461k,32,37,14,36,48,34,28
Gervane Kastaneer,30,FWD,Curacao,Terengganu,€207k,35,27,13,56,20,25,24
Trevor Doornbusch,26,GK,Curacao,Venlo,€44k,8,22,2,25,40,3,14
Tyrick Bodak,24,GK,Curacao,Telstar,—,5,22,1,18,0,0,6
Patrik Schick,30,FWD,Czech Republic,Bayer Leverkusen,€17.9m,79,56,77,77,94,68,78
Tomas Soucek,31,MID,Czech Republic,West Ham,€9.9m,106,49,70,80,100,68,75
Vladimir Coufal,33,DEF,Czech Republic,Hoffenheim,€2.5m,65,69,62,84,92,68,74
Ladislav Krejci,27,DEF,Czech Republic,Wolves,€20.6m,50,47,85,62,86,48,73
Lukas Hornicek,23,GK,Czech Republic,Braga,€17.1m,26,57,86,33,62,77,72
Matej Kovar,26,GK,Czech Republic,PSV,€7.7m,43,59,77,54,63,61,68
Pavel Sulc,25,MID,Czech Republic,Lyon,€19.3m,52,51,72,59,75,39,63
Robin Hranac,26,DEF,Czech Republic,Hoffenheim,€9.2m,27,44,72,41,78,45,60
Lukas Provod,29,MID,Czech Republic,Slavia Prague,€7.9m,43,56,63,61,44,58,58
Michal Sadilek,27,MID,Czech Republic,Slavia Prague,€7.7m,86,57,60,70,44,52,58
David Jurasek,25,DEF,Czech Republic,Slavia Prague,€4.9m,24,53,61,36,60,56,55
Stepan Chaloupek,23,DEF,Czech Republic,Slavia Prague,€9.8m,19,55,70,27,44,50,55
Tomas Holes,33,DEF,Czech Republic,Slavia Prague,€1.0m,47,56,48,73,44,47,52
Adam Hlozek,23,FWD,Czech Republic,Hoffenheim,€9.6m,57,26,59,59,83,16,52
David Zima,25,DEF,Czech Republic,Slavia Prague,€6.9m,45,43,66,53,47,16,51
Vladimir Darida,35,MID,Czech Republic,Hradec Kralove,€356k,82,58,27,89,64,54,50
Lukas Cerv,25,MID,Czech Republic,Plzen,€6.0m,40,47,54,49,44,42,49
Tomas Chory,31,FWD,Czech Republic,Slavia Prague,€2.7m,29,56,50,54,44,41,49
Jan Kuchta,29,FWD,Czech Republic,Sparta Prague,€2.5m,48,49,45,65,44,46,49
Jindrich Stanek,30,GK,Czech Republic,Slavia Prague,€2.0m,35,37,61,56,44,6,47
Mojmir Chytil,27,FWD,Czech Republic,Slavia Prague,€3.7m,27,50,49,43,44,35,45
David Doudera,28,MID,Czech Republic,Slavia Prague,€3.7m,23,46,50,42,44,24,44
Jaroslav Zeleny,33,DEF,Czech Republic,Sparta Prague,€570k,24,44,39,54,44,44,43
Denis Visinsky,23,FWD,Czech Republic,Plzen,€2.9m,26,51,41,33,44,51,43
Alexandr Sojka,23,MID,Czech Republic,Plzen,€2.2m,10,50,37,20,44,55,40
Hugo Sochurek,18,MID,Czech Republic,Sparta Prague,€3.4m,28,36,39,23,44,48,38
Yoane Wissa,29,FWD,D.R. Congo,Newcastle,€24.5m,37,43,80,56,100,25,67
Aaron Wan-Bissaka,28,DEF,D.R. Congo,West Ham,€14.7m,16,43,81,36,100,33,66
Noah Sadiki,21,MID,D.R. Congo,Sunderland,€33.3m,29,46,77,31,83,55,64
Chancel Mbemba,31,DEF,D.R. Congo,Lille,€2.1m,90,43,56,80,84,33,58
Arthur Masuaku,32,DEF,D.R. Congo,Lens,€2.0m,44,35,57,68,94,30,57
Ngalayel Mukau,21,MID,D.R. Congo,Lille,€14.3m,14,50,64,18,77,54,56
Joris Kayembe,31,DEF,D.R. Congo,Genk,€2.0m,36,60,55,60,58,48,56
Axel Tuanzebe,28,DEF,D.R. Congo,Burnley,€4.9m,14,34,64,34,86,39,55
Cedric Bakambu,35,FWD,D.R. Congo,Betis,€1.1m,78,37,45,89,97,29,55
Matthieu Epolo,21,GK,D.R. Congo,St. Liege,€7.8m,11,46,72,16,58,50,55
Edo Kayembe,28,MID,D.R. Congo,Watford,€3.7m,42,47,50,58,53,46,51
Simon Banza,29,FWD,D.R. Congo,Al Jazira,€9.5m,14,46,66,37,36,28,49
Samuel Moutoussamy,29,MID,D.R. Congo,Atromitos,€1.1m,57,49,33,72,59,57,48
Steve Kapuadi,28,DEF,D.R. Congo,Widzew Lodz,€2.3m,3,38,53,25,44,56,46
Charles Pickel,29,MID,D.R. Congo,Espanyol,€2.3m,41,34,44,59,84,12,46
Fiston Mayele,31,FWD,D.R. Congo,Pyramids,€1.7m,37,43,42,60,44,44,45
Theo Bongonda,30,FWD,D.R. Congo,Spartak Moscow,€2.9m,46,29,49,66,58,8,44
Meschack Elia,28,FWD,D.R. Congo,Alanyaspor,€1.4m,63,40,35,73,58,26,43
Nathanael Mbuku,24,FWD,D.R. Congo,Montpellier,€2.0m,48,53,36,54,53,26,42
Brian Cipenga,28,MID,D.R. Congo,Castellon,€2.0m,8,49,41,29,44,44,41
Dylan Batubinsika,30,DEF,D.R. Congo,AEL Larissa,€553k,15,40,30,40,47,54,39
Lionel Mpasi-Nzau,31,GK,D.R. Congo,Le Havre,€397k,28,36,28,53,72,22,38
Gael Kakuta,34,MID,D.R. Congo,AEL Larissa,€241k,43,43,19,72,62,23,37
Gedeon Kalulu,28,DEF,D.R. Congo,Aris,€1.0m,28,23,40,46,41,13,35
Aaron Tshibola,31,MID,D.R. Congo,Kilmarnock,€140k,15,49,11,42,44,46,31
Timothy Fayulu,26,GK,D.R. Congo,Noah,€749k,3,24,34,21,0,0,21
Moises Caicedo,24,MID,Ecuador,Chelsea,€100.7m,61,62,96,64,95,74,88
Willian Pacho,24,DEF,Ecuador,PSG,€79.4m,34,52,103,42,80,72,83
Piero Hincapie,24,DEF,Ecuador,Arsenal,€51.1m,60,52,96,64,94,55,83
Joel Ordonez,22,DEF,Ecuador,Club Brugge KV,€32.3m,21,60,87,27,58,77,71
Pervis Estupinan,28,DEF,Ecuador,AC Milan,€11.2m,71,39,77,73,94,26,67
Gonzalo Plata,25,FWD,Ecuador,Flamengo RJ,€9.1m,66,50,60,66,66,65,61
Alan Franco,27,MID,Ecuador,Atletico-MG,€4.3m,63,49,51,70,62,84,60
Hernan Galindez,39,GK,Ecuador,Huracan,€289k,35,53,56,77,60,60,60
Gonzalo Valle,30,GK,Ecuador,LDU Quito,€1.8m,4,53,60,31,44,99,58
Pedro Vite,24,MID,Ecuador,UNAM Pumas,€6.0m,32,64,53,40,56,85,58
John Yeboah,25,MID,Ecuador,Venezia,€5.5m,40,78,53,49,48,58,56
Enner Valencia,36,FWD,Ecuador,Pachuca,€936k,104,48,46,91,64,51,56
Felix Torres,29,DEF,Ecuador,Internacional,€950k,57,45,40,72,62,68,53
Nilson Angulo,22,FWD,Ecuador,Sunderland,€16.4m,17,48,67,23,81,16,53
Kevin Rodriguez,26,MID,Ecuador,Royale Union SG,€5.7m,31,50,54,44,58,51,52
Angelo Preciado,28,DEF,Ecuador,Atletico-MG,€3.3m,58,34,58,71,62,23,52
Jackson Porozo,25,DEF,Ecuador,Club Tijuana,€2.4m,32,55,50,43,58,48,50
Kendry Paez,19,MID,Ecuador,River Plate,€7.6m,42,37,52,37,62,30,46
Yaimar Medina,21,DEF,Ecuador,Genk,€3.7m,19,47,53,23,58,32,45
Denil Castillo,22,MID,Ecuador,Midtjylland,€6.7m,17,45,53,23,44,46,45
Alan Minda,23,FWD,Ecuador,Atletico-MG,€2.8m,33,42,40,39,62,51,45
Jordy Caicedo,28,FWD,Ecuador,Huracan,€1.8m,32,39,39,49,60,44,44
Jordy Alcivar,26,MID,Ecuador,Ind. del Valle,€1.9m,26,48,37,40,44,57,43
Moises Ramirez,25,GK,Ecuador,Kifisia,€772k,27,48,33,38,44,67,42
Jeremy Arevalo,21,FWD,Ecuador,Stuttgart,€6.9m,12,25,53,17,75,21,42
Anthony Valencia,22,MID,Ecuador,Antwerp,€1.8m,3,52,33,12,58,63,40
Mohamed Salah,33,FWD,Egypt,Liverpool,€21.5m,97,60,85,84,100,42,81
Omar Marmoush,27,FWD,Egypt,Manchester City,€49.6m,50,51,89,62,94,42,76
Trezeguet,31,MID,Egypt,Al Ahly,€4.5m,93,60,57,80,50,54,59
Mohanad Lasheen,30,MID,Egypt,Pyramids,€2.9m,22,64,49,46,44,79,54
Mohamed Hany,30,DEF,Egypt,Al Ahly,€1.4m,45,64,48,65,44,57,53
Marwan Attia,27,MID,Egypt,Al Ahly,€4.0m,35,65,50,50,44,65,53
Emam Ashour,28,MID,Egypt,Al Ahly,€4.1m,35,70,52,52,44,47,52
Zizo,30,FWD,Egypt,Al Ahly,€3.6m,72,49,52,77,44,37,52
Hossam Abdelmaguid,25,DEF,Egypt,Zamalek,€1.9m,32,57,46,43,44,74,51
Mohamed El Shenawy,37,GK,Egypt,Al Ahly,€475k,82,35,58,93,44,10,51
Hamdi Fathy,31,MID,Egypt,Al Wakra,€1.7m,65,59,42,80,32,55,50
Ahmed Fatouh,28,DEF,Egypt,Zamalek,€964k,49,52,39,64,44,66,49
Rami Rabia,33,DEF,Egypt,Al Ain,€587k,42,52,40,69,32,60,48
Oufa Shobeir,26,GK,Egypt,Al Ahly,€1.2m,9,54,48,26,44,62,47
Haissem Hassan,24,FWD,Egypt,Oviedo,€3.3m,12,51,44,24,82,37,46
El Mahdi Soliman,39,GK,Egypt,Zamalek,€143k,0,41,43,48,44,52,45
Mohamed Alaa,26,GK,Egypt,El Gouna,€1.2m,0,43,48,18,44,61,44
Ibrahim Adel,25,FWD,Egypt,Nordsjaelland,€2.4m,46,46,40,54,44,40,43
Mahmoud Saber,24,MID,Egypt,ZED,€1.5m,34,45,32,42,44,57,41
Mostafa Ziko,29,FWD,Egypt,Pyramids,€1.7m,2,45,39,27,44,45,40
Yasser Ibrahim,33,DEF,Egypt,Al Ahly,€273k,23,57,22,53,44,53,39
Karim Hafez,30,DEF,Egypt,Pyramids,€665k,10,46,34,36,44,29,37
Nabil Dunga,30,MID,Egypt,Al Najma,€950k,8,40,32,34,44,38,36
Tarek Alaa,24,MID,Egypt,ZED,€230k,3,37,11,16,44,57,26
Mohamed Abdelmonem,27,DEF,Egypt,Nice,—,36,25,1,50,73,6,22
Hamza Abdelkarim,18,FWD,Egypt,Barcelona B,€1.0m,13,29,21,11,44,1,21
Harry Kane,32,FWD,England,Bayern Munich,€63.8m,131,94,100,82,94,71,98
Declan Rice,27,MID,England,Arsenal,€125.9m,90,72,103,70,100,75,96
Marc Guehi,25,DEF,England,Manchester City,€71.5m,69,63,102,66,97,60,90
Jordan Pickford,32,GK,England,Everton,€12.5m,97,55,93,82,100,62,87
Dean Henderson,29,GK,England,Crystal Palace,€27.0m,19,55,100,41,96,79,86
Jude Bellingham,22,MID,England,Real Madrid,€134.6m,52,58,99,52,96,59,84
Ezri Konsa,28,DEF,England,Aston Villa,€40.8m,28,52,97,46,100,73,84
Morgan Rogers,23,MID,England,Aston Villa,€89.4m,32,64,94,38,88,80,83
Ollie Watkins,30,FWD,England,Aston Villa,€24.1m,22,72,82,46,100,87,82
Bukayo Saka,24,FWD,England,Arsenal,€113.9m,64,53,98,64,100,32,81
Elliot Anderson,23,MID,England,Nottingham,€79.8m,22,70,92,30,92,72,81
Marcus Rashford,28,FWD,England,Barcelona,€39.7m,74,61,87,73,98,43,80
Eberechi Eze,27,MID,England,Arsenal,€62.7m,27,57,92,43,98,48,78
Reece James,26,DEF,England,Chelsea,€62.1m,36,44,101,48,96,21,76
Noni Madueke,24,FWD,England,Arsenal,€50.3m,39,60,86,46,89,52,74
Jarell Quansah,23,DEF,England,Bayer Leverkusen,€44.0m,33,54,93,39,80,52,74
Anthony Gordon,25,FWD,England,Newcastle,€64.5m,38,53,91,48,98,27,73
Nico O'Reilly,21,MID,England,Manchester City,€67.5m,18,61,88,22,84,66,73
Ivan Toney,30,FWD,England,Al Ahli SC,€19.9m,8,81,79,34,48,94,73
John Stones,32,DEF,England,Manchester City,€12.4m,102,34,85,82,100,23,72
Kobbie Mainoo,21,MID,England,Manchester Utd,€66.5m,26,54,87,28,88,54,71
Trevoh Chalobah,26,DEF,England,Chelsea,€38.6m,34,42,94,47,95,20,71
James Trafford,23,GK,England,Manchester City,€23.8m,29,39,91,36,83,36,68
Valentino Livramento,23,DEF,England,Newcastle,€44.0m,25,34,93,32,91,22,66
Djed Spence,25,DEF,England,Tottenham,€28.1m,12,47,88,26,88,27,65
Dan Burn,34,DEF,England,Newcastle,€4.1m,8,47,72,43,100,40,65
Jordan Henderson,35,MID,England,Brentford,€1.2m,97,49,46,89,100,23,57
Kylian Mbappe,27,FWD,France,Real Madrid,€194.0m,106,68,110,70,98,66,97
Michael Olise,24,MID,France,Bayern Munich,€165.9m,32,92,104,40,89,80,94
Ousmane Dembele,29,FWD,France,PSG,€106.4m,70,70,103,75,92,60,92
Dayot Upamecano,27,DEF,France,Bayern Munich,€69.5m,70,66,104,70,94,62,92
William Saliba,25,DEF,France,Arsenal,€99.3m,41,56,107,50,100,76,92
Ibrahima Konate,27,DEF,France,Liverpool,€44.0m,45,58,97,58,98,80,89
Mike Maignan,30,GK,France,AC Milan,€19.0m,44,66,96,64,94,72,88
Jules Kounde,27,DEF,France,Barcelona,€61.3m,56,56,102,67,98,45,86
Aurelien Tchouameni,26,MID,France,Real Madrid,€70.5m,66,67,93,68,98,57,86
Maxence Lacroix,26,DEF,France,Crystal Palace,€48.9m,11,57,97,27,98,92,85
Marcus Thuram,28,FWD,France,Inter,€49.6m,60,65,90,73,94,59,84
Rayan Cherki,22,MID,France,Manchester City,€98.3m,40,77,94,42,98,59,84
Desire Doue,21,FWD,France,PSG,€122.5m,44,71,97,43,83,69,84
Adrien Rabiot,31,MID,France,AC Milan,€18.1m,87,64,79,80,94,71,81
Theo Hernandez,28,DEF,France,Al Hilal,€20.7m,48,67,87,63,60,78,78
Lucas Hernandez,30,DEF,France,PSG,€17.4m,57,49,87,75,92,50,78
Lucas Digne,32,DEF,France,Aston Villa,€6.0m,75,51,74,82,100,71,78
Malo Gusto,23,DEF,France,Chelsea,€34.7m,23,52,89,31,95,70,76
Warren Zaire-Emery,20,MID,France,PSG,€79.4m,37,59,89,35,83,63,75
Maghnes Akliouche,24,FWD,France,Monaco,€50.3m,37,65,86,44,83,49,73
N'Golo Kante,35,MID,France,Fenerbahce,€4.1m,69,66,65,89,78,65,72
Bradley Barcola,23,FWD,France,PSG,€69.5m,35,59,90,41,85,36,72
Robin Risser,21,GK,France,Lens,€29.4m,15,52,93,19,75,61,71
Jean-Philippe Mateta,28,FWD,France,Crystal Palace,€29.4m,22,47,82,41,100,46,70
Brice Samba,32,GK,France,Rennes,€6.8m,4,51,84,35,90,50,70
Manu Kone,25,MID,France,AS Roma,€50.3m,39,46,87,48,90,18,67
Joshua Kimmich,31,MID,Germany,Bayern Munich,€37.7m,130,91,90,80,94,94,96
Nico Schlotterbeck,26,DEF,Germany,Dortmund,€55.4m,42,86,99,53,92,72,91
Jonathan Tah,30,DEF,Germany,Bayern Munich,€27.4m,67,64,94,77,94,79,90
Manuel Neuer,40,GK,Germany,Bayern Munich,€3.9m,102,42,96,100,94,54,87
Florian Wirtz,23,MID,Germany,Liverpool,€106.4m,47,71,96,51,97,68,87
Kai Havertz,27,FWD,Germany,Arsenal,€56.9m,73,59,91,70,100,59,84
Jamal Musiala,23,MID,Germany,Bayern Munich,€106.4m,44,59,96,48,90,68,83
Alexander Nubel,29,GK,Germany,Stuttgart,€11.1m,20,61,86,42,94,78,80
David Raum,28,DEF,Germany,RB Leipzig,€25.9m,56,72,90,69,89,31,79
Angelo Stiller,25,MID,Germany,Stuttgart,€42.8m,27,67,84,38,89,79,78
Malick Thiaw,24,DEF,Germany,Newcastle,€44.0m,16,51,94,27,92,58,75
Leroy Sane,30,FWD,Germany,Galatasaray,€20.1m,94,55,79,77,78,60,75
Waldemar Anton,29,DEF,Germany,Dortmund,€17.6m,23,64,85,44,94,47,74
Oliver Baumann,36,GK,Germany,Hoffenheim,€2.4m,13,53,78,52,94,67,74
Antonio Rudiger,33,DEF,Germany,Real Madrid,€5.7m,87,40,75,84,98,54,74
Nathaniel Brown,22,DEF,Germany,Eintracht Frankfurt,€39.7m,19,58,90,25,80,66,74
Deniz Undav,29,FWD,Germany,Stuttgart,€22.5m,9,82,79,32,85,60,73
Aleksandar Pavlovic,22,MID,Germany,Bayern Munich,€90.6m,13,63,93,20,81,51,73
Maximilian Beier,23,FWD,Germany,Dortmund,€38.0m,30,63,80,36,85,64,72
Leon Goretzka,31,MID,Germany,Bayern Munich,€11.9m,81,51,72,80,94,44,71
Nick Woltemade,24,FWD,Germany,Newcastle,€53.8m,45,46,87,51,90,31,70
Nadiem Amiri,29,MID,Germany,Mainz,€16.9m,51,60,75,68,94,32,70
Jamie Leweling,25,FWD,Germany,Stuttgart,€39.7m,19,62,83,32,89,46,70
Felix Nmecha,25,MID,Germany,Dortmund,€49.6m,15,57,87,28,86,18,65
Pascal Gross,34,MID,Germany,Brighton,€2.5m,18,63,55,51,100,54,62
Lennart Karl,18,MID,Germany,Bayern Munich,€61.3m,22,49,84,18,77,20,59
Assan Ouedraogo,20,MID,Germany,RB Leipzig,€27.4m,30,38,73,30,77,27,56
Antoine Semenyo,26,FWD,Ghana,Manchester City,€76.0m,34,62,94,47,92,70,83
Inaki Williams,31,FWD,Ghana,Ath Bilbao,€7.3m,44,50,65,66,98,63,69
Issahaku Fatawu,22,FWD,Ghana,Leicester,€19.6m,38,60,69,41,53,64,61
Gideon Mensah,27,DEF,Ghana,Auxerre,€3.8m,39,55,59,53,83,55,61
Kojo Peprah,22,DEF,Ghana,Nice,€9.5m,4,47,68,12,75,63,58
Abdul Baba,31,DEF,Ghana,PAOK,€1.9m,47,50,54,69,54,58,56
Lawrence Ati Zigi,29,GK,Ghana,St. Gallen,€1.4m,32,61,54,52,48,61,55
Alidu Seidu,26,DEF,Ghana,Rennes,€5.8m,24,45,65,38,83,24,55
Thomas Partey,33,MID,Ghana,Villarreal,€1.9m,56,35,48,81,98,25,55
Kamaldeen Sulemana,24,FWD,Ghana,Atalanta,€15.7m,28,36,68,37,85,17,54
Christopher Bonsu Baah,21,FWD,Ghana,Al Qadsiah,€13.5m,9,76,63,14,40,57,54
Augustine Boakye,25,FWD,Ghana,St Etienne,€5.9m,0,62,54,16,74,59,53
Elisha Owusu,28,MID,Ghana,Auxerre,€3.7m,20,43,50,39,78,57,52
Jerome Opoku,27,DEF,Ghana,Basaksehir,€4.6m,11,49,62,30,58,42,52
Brandon Thomas-Asante,27,FWD,Ghana,Coventry,€14.8m,8,41,70,27,52,31,52
Caleb Yirenkyi,20,MID,Ghana,Nordsjaelland,€9.4m,11,60,57,14,44,62,50
Jordan Ayew,34,FWD,Ghana,Leicester,€936k,101,44,40,86,72,27,50
Jonas Adjetey,22,DEF,Ghana,Wolfsburg,€5.4m,12,37,60,19,75,21,47
Marvin Senaya,25,DEF,Ghana,Auxerre,€2.8m,2,44,52,18,79,27,46
Ernest Nuamah,22,FWD,Ghana,Lyon,€9.4m,22,25,58,27,78,10,45
Abdul Mumin,28,DEF,Ghana,Rayo Vallecano,€2.8m,5,25,56,27,84,6,44
Derrick Luckassen,30,DEF,Ghana,Pafos,€936k,11,25,42,36,36,72,42
Kwasi Sibo,27,MID,Ghana,Oviedo,€1.3m,8,36,33,27,80,51,42
Prince Adu,22,FWD,Ghana,Plzen,€2.7m,5,42,39,13,44,35,36
Joseph Anang,26,GK,Ghana,St. Patricks,€333k,1,54,17,19,28,72,32
Benjamin Asare,33,GK,Ghana,Hearts of Oak,—,11,28,1,43,24,41,20
Jean-Ricner Bellegarde,27,MID,Haiti,Wolves,€15.2m,14,39,71,32,100,38,60
Wilson Isidor,25,FWD,Haiti,Sunderland,€16.8m,21,38,70,33,84,25,56
Carlens Arcus,29,DEF,Haiti,Angers,€1.7m,49,44,49,66,78,21,51
Hannes Delcroix,27,DEF,Haiti,Lugano,€2.0m,23,45,49,40,49,74,51
Ricardo Ade,36,DEF,Haiti,LDU Quito,€289k,54,43,36,86,44,65,50
Danley Jean Jacques,26,MID,Haiti,Philadelphia Union,€2.9m,32,48,44,45,44,72,49
Jean-Kevin Duverne,28,DEF,Haiti,Gent,€1.9m,17,32,50,37,72,49,48
Johny Placide,38,GK,Haiti,Bastia,€145k,60,49,43,95,49,11,48
Frantzdy Pierrot,31,FWD,Haiti,Rizespor,€1.4m,49,30,40,70,58,27,43
Josue Casimir,24,FWD,Haiti,Auxerre,€2.8m,10,44,41,22,81,23,42
Lenny Joseph,25,FWD,Haiti,Ferencvaros,€2.0m,3,51,37,18,37,48,38
Derrick Etienne,29,FWD,Haiti,Toronto FC,€726k,43,37,26,61,40,35,36
Duckens Nazon,32,FWD,Haiti,Esteghlal F.C.,€749k,74,30,32,82,32,11,36
Louicius Deedson,25,FWD,Haiti,FC Dallas,€1.1m,33,34,28,43,40,28,33
Alexandre Pierre,25,GK,Haiti,Sochaux,€735k,14,22,31,28,24,50,31
Wilguens Paugain,24,DEF,Haiti,Waregem,€772k,8,34,27,20,58,21,30
Martin Experience,27,DEF,Haiti,Nancy,€318k,23,37,16,40,44,37,29
Garven-Michee Metusala,26,DEF,Haiti,Colorado Springs,€187k,14,41,11,30,32,59,28
Ruben Providence,24,FWD,Haiti,Almere City,€277k,21,34,12,31,40,30,24
Yassin Fortune,27,FWD,Haiti,Vizela,€289k,14,22,13,32,36,38,24
Dominique Simon,25,MID,Haiti,Presov,€182k,2,40,10,18,44,31,23
Duke Lacroix,32,DEF,Haiti,Colorado Springs,€121k,15,31,12,44,32,10,22
Leverton Pierre,28,MID,Haiti,Vizela,€196k,32,24,11,49,36,10,22
Carl Sainte,23,MID,Haiti,El Paso,€115k,30,34,6,36,32,17,20
Josue Duverger,26,GK,Haiti,Cosmos Koblenz,€45k,6,23,2,23,0,0,7
Keeto Thermoncy,20,DEF,Haiti,Young Boys,—,1,22,1,5,20,0,7
Woodensky Pierre,21,MID,Haiti,Real Hope,—,2,33,1,8,0,3,7
Mehdi Taremi,33,FWD,Iran,Olympiacos Piraeus,€2.0m,104,52,49,84,47,43,53
Saman Ghoddos,32,MID,Iran,Ittihad Kalba,€1.2m,69,50,39,82,40,57,49
Saeid Ezatolahi,29,MID,Iran,Shabab Al-Ahli Dubai,€1.8m,84,54,40,75,32,59,49
Alireza Beiranvand,33,GK,Iran,Tractor,€618k,85,39,49,84,32,31,47
Mohammad Mohebi,27,FWD,Iran,FK Rostov,€2.4m,38,44,42,52,52,48,46
Mehdi Ghaedi,27,MID,Iran,Al Nasr,€4.3m,37,43,51,51,32,38,45
Hossein Kanaani,32,DEF,Iran,Persepolis,€1.5m,65,25,52,82,32,14,44
Alireza Jahanbakhsh,32,FWD,Iran,Dender,€461k,92,41,24,82,63,30,41
Milad Mohammadi,32,DEF,Iran,Persepolis,€842k,77,23,43,82,32,18,41
Dennis Eckert,29,FWD,Iran,St. Liege,€1.9m,0,44,41,25,58,31,40
Ehsan Hajsafi,36,DEF,Iran,Sepahan,€255k,88,34,33,91,32,15,39
Ramin Rezaeian,36,DEF,Iran,Foolad,€230k,72,29,31,91,32,19,38
Mehdi Torabi,31,FWD,Iran,Tractor,€1.2m,53,31,37,74,32,9,37
Shahriyar Moghanlou,31,FWD,Iran,Ittihad Kalba,€772k,21,46,30,47,32,39,36
Mohammad Ghorbani,25,DEF,Iran,Al Wahda,€1.1m,25,42,37,37,32,30,36
Shoja Khalilzadeh,37,DEF,Iran,Tractor,€99k,49,37,18,84,32,36,35
Roozbeh Cheshmi,32,MID,Iran,Esteghlal F.C.,€421k,41,25,23,66,32,50,35
Hossein Hosseini,33,GK,Iran,Sepahan,€496k,14,29,42,46,32,3,34
Aria Yousefi,24,DEF,Iran,Sepahan,€1.5m,18,33,42,29,32,15,34
Amirhossein Hosseinzadeh,25,FWD,Iran,Tractor,€2.2m,26,34,39,38,32,15,33
Payam Niazmand,31,GK,Iran,Persepolis,€635k,15,23,42,42,32,3,32
Ali Alipour,30,FWD,Iran,Persepolis,€1.5m,12,24,39,37,32,6,31
Ali Nemati,30,DEF,Iran,Foolad,€507k,18,24,28,42,32,33,31
Saleh Hardani,27,DEF,Iran,Esteghlal F.C.,€828k,17,32,33,35,32,14,30
Amirmohammad Razzaghinia,20,MID,Iran,Esteghlal F.C.,€1.1m,21,29,24,22,32,8,23
Danial Iri,22,—,Iran,—,—,5,39,1,13,0,11,10
Merchas Doski,26,DEF,Iraq,Plzen,€1.7m,36,59,46,48,44,52,49
Amir Al Ammari,28,MID,Iraq,Cracovia,€936k,55,56,29,69,44,57,45
Ahmed Qasem,22,FWD,Iraq,Nashville SC,€3.3m,18,37,42,24,40,59,41
Aimar Sher,23,MID,Iraq,Sarpsborg 08,€1.5m,12,46,31,21,44,60,38
Ibrahim Bayesh,26,MID,Iraq,Al Dhafra,€830k,80,31,25,68,40,35,35
Aymen Hussein,30,FWD,Iraq,Al-Karma,€554k,96,53,24,77,30,15,35
Ali Al Hamadi,24,FWD,Iraq,Luton,€1.4m,18,34,31,29,53,30,34
Kevin Yakob,25,MID,Iraq,Aarhus,€808k,13,48,23,27,44,45,33
Rebin Sulaka,34,DEF,Iraq,Port MTI FC,€98k,51,51,13,79,24,40,33
Zidane Iqbal,23,MID,Iraq,Utrecht,€936k,26,30,24,33,62,21,31
Frans Putros,32,DEF,Iraq,Persib Bandung,€313k,27,27,22,54,20,48,31
Zaid Tahseen,25,DEF,Iraq,Pakhtakor,€579k,44,26,22,53,34,30,30
Ali Jasim,22,MID,Iraq,Al Najma,€475k,57,42,14,57,40,25,29
Marko Farji,22,FWD,Iraq,Venezia,€1.6m,14,32,31,21,44,12,29
Hussein Ali,24,DEF,Iraq,Pogon Szczecin,€357k,44,34,15,50,44,23,28
Fahad Talib,31,GK,Iraq,Al Talaba,€403k,23,24,29,49,30,3,27
Meme,25,FWD,Iraq,Dibba Al Fujairah,—,71,40,1,66,32,14,22
Youssef Amyn,22,MID,Iraq,AEK Larnaca,€499k,42,24,14,44,36,6,22
Jalal Hassan,35,GK,Iraq,Al Zawraa,—,74,37,1,89,0,11,20
Akam Hashem,27,MID,Iraq,Al Zawraa,—,13,51,1,31,30,19,19
Manaf Younis,29,DEF,Iraq,Al Shorta,—,33,33,1,52,30,8,18
Zaid Ismaeel,24,MID,Iraq,Al Talaba,—,14,39,1,25,30,15,16
Mustafa Saadoon,25,DEF,Iraq,Al Shorta,—,17,41,1,30,30,7,16
Ahmed Yahya,30,DEF,Iraq,Bahrain SC,—,17,32,1,41,30,3,16
Ahmed Maknzi,24,DEF,Iraq,Al-Karma,—,15,33,1,26,30,7,14
Ali Yousif,30,FWD,Iraq,Al Talaba,—,6,23,1,32,30,4,13
Ahmed Basil,29,GK,Iraq,Al Shorta,—,19,36,1,41,0,11,13
Ahmed Al Reeshawee,24,—,Iraq,—,—,6,33,1,19,0,11,9
Evan Ndicka,26,DEF,Ivory Coast,AS Roma,€34.3m,34,55,92,47,94,68,81
Emmanuel Agbadou,28,DEF,Ivory Coast,Besiktas,€15.9m,20,53,82,39,90,64,73
Yan Diomande,19,FWD,Ivory Coast,RB Leipzig,€91.9m,11,78,91,11,79,53,73
Ibrahim Sangare,28,MID,Ivory Coast,Nottingham,€19.3m,58,49,75,71,94,40,70
Nicolas Pepe,31,FWD,Ivory Coast,Villarreal,€6.0m,56,66,62,76,98,46,69
Wilfried Singo,25,DEF,Ivory Coast,Galatasaray,€23.5m,38,47,85,48,73,47,68
Franck Kessie,29,MID,Ivory Coast,Al Ahli SC,€11.7m,108,57,69,75,60,64,67
Amad Diallo,23,FWD,Ivory Coast,Manchester Utd,€44.7m,23,58,83,31,87,38,67
Guela Doue,23,DEF,Ivory Coast,Strasbourg,€19.9m,21,52,81,29,80,57,67
Ousmane Diomande,22,DEF,Ivory Coast,Sporting CP,€40.5m,16,49,91,22,62,52,66
Yahia Fofana,25,GK,Ivory Coast,Rizespor,€4.8m,47,52,69,55,62,67,63
Bazoumana Toure,20,MID,Ivory Coast,Hoffenheim,€40.8m,10,61,79,13,79,51,63
Simon Adingra,24,FWD,Ivory Coast,Monaco,€21.8m,29,51,73,38,89,40,63
Elye Wahi,23,FWD,Ivory Coast,Nice,€16.3m,24,43,67,31,90,63,61
Seko Fofana,31,MID,Ivory Coast,FC Porto,€7.7m,34,41,66,58,92,36,61
Ghislain Konan,30,DEF,Ivory Coast,Gil Vicente,€2.9m,53,52,59,71,72,51,61
Odilon Kossounou,25,DEF,Ivory Coast,Atalanta,€14.5m,36,38,78,46,85,20,60
Ange-Yoan Bonny,22,FWD,Ivory Coast,Inter,€32.8m,16,50,77,22,81,34,60
Alban Lafont,27,GK,Ivory Coast,Panathinaikos,€2.6m,28,57,61,44,64,61,59
Evann Guessand,24,FWD,Ivory Coast,Crystal Palace,€23.8m,29,36,74,38,94,14,58
Christ Inao Oulai,20,MID,Ivory Coast,Trabzonspor,€22.5m,9,57,70,12,58,51,55
Mohamed Kone,24,GK,Ivory Coast,Charleroi,€1.9m,6,44,53,19,58,72,50
Christopher Operi,29,DEF,Ivory Coast,Basaksehir,€4.0m,12,43,63,35,62,13,49
Parfait Guiagon,25,FWD,Ivory Coast,Charleroi,€5.2m,5,56,52,20,58,44,48
Oumar Diakite,22,FWD,Ivory Coast,Cercle Brugge KSV,€4.7m,30,47,47,34,63,33,46
Jean Seri,34,MID,Ivory Coast,Maribor,€96k,57,25,11,84,51,31,32
Zion Suzuki,23,GK,Japan,Parma,€19.0m,38,44,88,43,80,66,73
Daichi Kamada,29,MID,Japan,Crystal Palace,€9.8m,49,57,66,66,100,71,72
Kaishu Sano,25,MID,Japan,Mainz,€39.7m,13,57,83,27,81,67,70
Hiroki Ito,27,DEF,Japan,Bayern Munich,€18.1m,36,44,83,50,85,50,70
Ao Tanaka,27,MID,Japan,Leeds,€12.9m,53,54,68,65,83,59,68
Ritsu Doan,27,MID,Japan,Eintracht Frankfurt,€16.6m,80,49,72,70,91,38,67
Takefusa Kubo,25,FWD,Japan,Real Sociedad,€20.4m,69,42,73,66,98,33,66
Ayase Ueda,27,FWD,Japan,Feyenoord,€16.6m,59,60,72,70,62,47,66
Junya Ito,33,FWD,Japan,Genk,€3.1m,66,67,56,84,68,63,65
Ko Itakura,29,DEF,Japan,Ajax,€7.9m,57,44,73,72,70,34,63
Tsuyoshi Watanabe,29,DEF,Japan,Feyenoord,€9.9m,15,61,77,38,62,47,63
Daizen Maeda,28,FWD,Japan,Celtic,€12.4m,37,55,69,54,40,64,60
Yuito Suzuki,24,FWD,Japan,Freiburg,€23.1m,23,47,74,33,77,38,60
Keito Nakamura,25,FWD,Japan,Reims,€10.2m,34,72,62,44,50,50,58
Yukinari Sugawara,25,DEF,Japan,Werder Bremen,€5.2m,32,57,62,43,80,30,57
Shogo Taniguchi,34,DEF,Japan,St. Truiden,€734k,38,64,46,68,58,64,56
Ayumu Seko,26,DEF,Japan,Le Havre,€4.8m,22,50,62,37,75,43,56
Wataru Endo,33,MID,Japan,Liverpool,€3.8m,91,26,59,84,96,3,55
Takehiro Tomiyasu,27,DEF,Japan,Ajax,€4.5m,53,34,62,65,75,20,54
Tomoki Hayakawa,27,GK,Japan,Kashima Antlers,€2.0m,4,58,57,24,44,67,52
Keisuke Osako,26,GK,Japan,Sanfrecce Hiroshima,€1.9m,20,47,55,35,44,72,52
Keisuke Goto,21,FWD,Japan,St. Truiden,€9.5m,10,55,57,15,58,55,51
Junnosuke Suzuki,22,DEF,Japan,FC Copenhagen,€3.5m,6,57,53,14,44,59,48
Shuto Machino,26,FWD,Japan,B. Monchengladbach,€3.9m,14,39,48,30,81,16,44
Kento Shiogai,21,FWD,Japan,Wolfsburg,€7.6m,11,42,54,16,76,6,43
Yuto Nagatomo,39,DEF,Japan,FC Tokyo,€95k,101,36,26,98,64,10,41
Koki Ogawa,28,FWD,Japan,Nijmegen,€1.9m,27,45,40,45,62,11,40
Mousa Tamari,29,FWD,Jordan,Rennes,€9.6m,74,63,66,75,81,58,69
Yazan Al Arab,30,DEF,Jordan,Seoul,€964k,69,35,42,77,40,68,49
Yazeed Abulaila,33,GK,Jordan,Al Hussein,€391k,50,46,35,76,0,28,36
Noor Al Rawabdeh,29,MID,Jordan,Selangor,€496k,68,35,20,75,20,56,35
Nizar Al Rashdan,27,MID,Jordan,Qatar SC,€570k,44,52,20,57,32,42,35
Ali Olwan,26,FWD,Jordan,Al Sailiya,€772k,63,36,24,68,32,13,31
Shararh,28,MID,Jordan,Raja Casablanca,€645k,32,27,23,49,44,20,30
Mohammad Abu Hasheesh,31,DEF,Jordan,Al-Karma,€323k,49,32,20,70,30,7,29
Ibrahim Sabra,20,FWD,Jordan,Lok. Zagreb,€461k,22,34,13,23,58,33,27
Abdallah Nasib,32,DEF,Jordan,Al Zawraa,—,58,44,1,80,30,21,26
Mahmoud Al Mardi,32,MID,Jordan,Al Hussein,—,70,44,1,82,32,18,26
Mo Abualnadi,25,DEF,Jordan,Selangor,€338k,21,34,15,33,20,41,25
Ibrahim Saadeh,26,MID,Jordan,Al-Karma,€257k,54,32,12,63,30,8,24
Ehsan Haddad,32,MID,Jordan,Al Hussein,—,72,37,1,82,24,19,24
Mohannad Abu Taha,23,MID,Jordan,Al Quwa Al Jawiya,—,48,51,1,51,30,21,22
Odeh Al Fakhouri,20,FWD,Jordan,Pyramids,—,20,46,1,21,44,35,21
Rajaei Ayed,32,MID,Jordan,Al Hussein,—,46,44,1,70,24,6,21
Ali Azaizeh,22,FWD,Jordan,Al Shabab,—,16,41,1,22,40,36,20
Saed Al Rosan,29,DEF,Jordan,Al Hussein,—,22,48,1,43,24,11,18
Saleem Obaid,34,DEF,Jordan,Al Hussein,—,10,42,1,45,24,14,18
Amer Jamous,23,MID,Jordan,Al Zawraa,—,26,42,1,33,30,2,16
Mohammad Al Daoud,33,MID,Jordan,Al Wehdat,—,6,27,1,39,24,4,14
Husam Abu Dahab,26,DEF,Jordan,Moghayer Al Sarhan,—,15,29,1,31,24,7,13
Mohammad Abu Ghoush,20,FWD,Jordan,Al Hussein,—,6,48,1,10,24,4,13
Anas Badawi,28,DEF,Jordan,Al-Faisaly Amman,—,1,34,1,24,24,3,13
Abdallah Al Fakhouri,26,GK,Jordan,Al Wehdat,—,19,33,1,34,0,3,10
Noureddin Bani Attiah,33,GK,Jordan,Al Jazeera Amman,—,6,27,1,39,0,3,10
Johan Vasquez,27,DEF,Mexico,Genoa,€12.3m,61,62,77,70,91,65,77
Julian Quinones,29,FWD,Mexico,Al Qadsiah,€14.1m,33,87,72,52,40,67,67
Raul Jimenez,35,FWD,Mexico,Fulham,€3.1m,127,54,61,89,100,36,67
Cesar Montes,29,DEF,Mexico,Lokomotiv Moscow,€7.4m,80,50,72,75,56,57,66
Jesus Gallardo,31,DEF,Mexico,Toluca,€2.8m,124,56,60,80,56,63,62
Israel Reyes,26,DEF,Mexico,Club America,€6.4m,35,63,66,47,56,65,61
Orbelin Pineda,30,MID,Mexico,AEK Athens,€6.8m,95,58,62,77,45,56,60
Roberto Alvarado,27,MID,Mexico,Guadalajara Chivas,€7.4m,83,64,59,70,56,52,60
Erik Lira,26,MID,Mexico,Cruz Azul,€11.6m,33,51,65,46,56,67,59
Raul Rangel,26,GK,Mexico,Guadalajara Chivas,€6.0m,17,51,73,32,56,56,59
Alexis Vega,28,FWD,Mexico,Toluca,€8.1m,69,46,62,73,56,53,59
Edson Alvarez,28,MID,Mexico,Fenerbahce,€14.7m,105,33,71,73,64,16,57
Santiago Gimenez,25,FWD,Mexico,AC Milan,€17.6m,48,30,71,56,77,20,56
Luis Romo,31,MID,Mexico,Guadalajara Chivas,€3.0m,70,49,51,80,56,37,54
Alvaro Fidalgo,29,MID,Mexico,Betis,€6.0m,5,48,59,29,79,41,53
Armando Gonzalez,23,FWD,Mexico,Guadalajara Chivas,€13.8m,8,50,65,18,56,44,52
Guillermo Ochoa,40,GK,Mexico,AEL Limassol,€245k,121,24,54,100,55,19,51
Jorge Sanchez,28,DEF,Mexico,PAOK,€1.9m,67,44,50,73,56,38,51
Carlos Acevedo,30,GK,Mexico,Santos Laguna,€2.6m,7,43,65,33,56,31,51
Obed Vargas,20,MID,Mexico,Atl. Madrid,€9.5m,20,37,57,21,79,44,50
Luis Chavez,30,MID,Mexico,Dynamo Moscow,€5.8m,47,34,60,66,52,19,50
Brian Gutierrez,22,MID,Mexico,Guadalajara Chivas,€7.9m,12,59,55,19,56,45,49
Gilberto Mora,17,MID,Mexico,Club Tijuana,€10.2m,20,46,56,17,56,20,44
Guillermo Martinez Ayala,31,FWD,Mexico,UNAM Pumas,€1.4m,18,44,40,45,56,26,41
Cesar Saul Huerta Valera,25,FWD,Mexico,Anderlecht,€3.4m,30,27,45,41,58,15,39
Mateo Chavez Garcia,22,MID,Mexico,AZ Alkmaar,€3.9m,11,35,45,18,62,22,39
Achraf Hakimi,27,DEF,Morocco,PSG,€85.1m,102,57,107,70,92,65,92
Abde Ezzalzouli,24,FWD,Morocco,Betis,€40.8m,48,67,83,54,90,71,79
Brahim Diaz,26,MID,Morocco,Real Madrid,€36.2m,48,59,83,58,98,66,79
Bono,35,GK,Morocco,Al Hilal,€3.0m,84,57,78,89,56,83,77
Noussair Mazraoui,28,DEF,Morocco,Manchester Utd,€18.4m,45,52,85,60,90,44,74
Azzedine Ounahi,26,MID,Morocco,Girona,€10.5m,50,64,64,60,88,72,69
Sofyan Amrabat,29,MID,Morocco,Betis,€9.9m,77,39,67,75,93,63,68
Ismael Saibari,25,MID,Morocco,PSV,€39.7m,39,70,83,48,62,40,68
Bilal El Khannouss,22,MID,Morocco,Stuttgart,€35.2m,48,62,78,49,80,44,68
Nayef Aguerd,30,DEF,Morocco,Marseille,€14.5m,61,40,84,77,97,0,68
Zakaria El Ouahdi,24,DEF,Morocco,Genk,€16.6m,19,67,79,29,58,64,66
Ayyoub Bouaddi,18,MID,Morocco,Lille,€47.5m,22,50,80,18,78,61,64
Issa Diop,29,DEF,Morocco,Fulham,€7.6m,27,38,72,48,100,44,64
Neil El Aynaoui,24,MID,Morocco,AS Roma,€23.8m,17,52,74,28,82,50,62
Samir El Mourabet,20,MID,Morocco,Strasbourg,€22.8m,8,59,70,11,75,68,61
Chadi Riad,22,DEF,Morocco,Crystal Palace,€14.3m,12,35,75,19,84,47,58
Soufiane Rahimi,30,FWD,Morocco,Al Ain,€6.1m,44,64,61,64,32,63,58
Ayoub El Kaabi,32,FWD,Morocco,Olympiacos Piraeus,€4.5m,70,53,59,82,44,34,56
Anass Salah-Eddine,24,DEF,Morocco,PSV,€11.6m,43,35,73,49,63,17,55
Chemsdine Talbi,21,FWD,Morocco,Sunderland,€23.8m,19,35,72,23,83,27,55
Redouane Halhal,23,DEF,Morocco,KV Mechelen,€4.8m,5,50,59,16,58,63,52
Gessime Yassine,20,MID,Morocco,Strasbourg,€11.9m,13,44,60,15,73,42,51
Munir,37,GK,Morocco,Berkane,€562k,50,24,60,85,44,17,50
Ahmed Tagnaouti,30,GK,Morocco,FAR Rabat,€993k,3,34,51,30,44,67,47
Ayoube Amaimouni,21,FWD,Morocco,Eintracht Frankfurt,€9.5m,3,39,57,9,76,22,45
Amine Sbai,25,FWD,Morocco,Angers,€3.3m,1,46,45,17,74,35,44
Marwane Saadane,34,MID,Morocco,Al Fateh,€397k,14,61,26,48,40,35,38
Youssef Belammari,27,MID,Morocco,Al Ahly,€1.2m,18,43,31,35,44,26,35
Virgil van Dijk,34,DEF,Netherlands,Liverpool,€15.1m,92,69,92,86,100,83,94
Cody Gakpo,27,FWD,Netherlands,Liverpool,€60.4m,70,64,92,70,93,71,86
Donyell Malen,27,FWD,Netherlands,AS Roma,€44.0m,81,63,87,70,95,71,84
Ryan Gravenberch,24,MID,Netherlands,Liverpool,€80.6m,52,55,93,57,92,69,83
Jan Paul van Hecke,26,DEF,Netherlands,Brighton,€45.3m,21,68,96,36,91,68,83
Bart Verbruggen,23,GK,Netherlands,Brighton,€38.0m,33,58,98,39,90,62,81
Micky van de Ven,25,DEF,Netherlands,Tottenham,€47.5m,33,46,96,43,91,70,80
Denzel Dumfries,30,DEF,Netherlands,Inter,€24.8m,83,38,92,77,89,57,80
Frenkie de Jong,29,MID,Netherlands,Barcelona,€34.7m,78,52,86,75,98,29,76
Nathan Ake,31,DEF,Netherlands,Manchester City,€11.7m,88,38,82,80,100,34,73
Tijjani Reijnders,27,MID,Netherlands,Manchester City,€49.6m,33,45,89,48,90,40,72
Mark Flekken,33,GK,Netherlands,Bayer Leverkusen,€5.8m,12,43,83,44,92,51,70
Robin Roefs,23,GK,Netherlands,Sunderland,€26.2m,18,49,93,26,84,42,70
Jorrel Hato,20,DEF,Netherlands,Chelsea,€38.6m,26,46,88,26,82,57,70
Crysencio Summerville,24,FWD,Netherlands,West Ham,€33.3m,29,57,79,38,88,55,69
Jurrien Timber,24,DEF,Netherlands,Arsenal,€67.5m,40,37,100,47,86,3,69
Brian Brobbey,24,FWD,Netherlands,Sunderland,€27.7m,47,50,77,53,84,54,69
Marten de Roon,35,MID,Netherlands,Atalanta,€3.0m,43,57,60,74,94,61,68
Lutsharel Geertruida,25,DEF,Netherlands,Sunderland,€18.7m,46,42,82,54,85,39,68
Teun Koopmeiners,28,MID,Netherlands,Juventus,€13.7m,59,48,70,72,90,24,64
Quinten Timber,24,MID,Netherlands,Marseille,€24.1m,39,50,74,46,74,38,62
Mats Wieffer,26,MID,Netherlands,Brighton,€24.8m,15,48,77,31,85,36,62
Justin Kluivert,27,FWD,Netherlands,Bournemouth,€24.1m,44,34,78,57,100,5,61
Noa Lang,26,FWD,Netherlands,Galatasaray,€21.8m,33,51,75,46,76,23,60
Memphis Depay,32,FWD,Netherlands,Corinthians,€7.0m,123,35,66,82,82,11,58
Guus Til,28,MID,Netherlands,PSV,€14.0m,16,56,70,36,63,37,58
Wout Weghorst,33,FWD,Netherlands,Ajax,€1.9m,53,45,48,78,81,35,55
Chris Wood,34,FWD,New Zealand,Nottingham,€4.6m,72,35,64,86,100,53,68
Elijah Henry Just,26,FWD,New Zealand,Motherwell,€2.4m,56,64,41,65,40,65,51
Callum McCowatt,27,MID,New Zealand,Silkeborg,€2.4m,46,65,42,59,44,59,50
Finn Surman,22,DEF,New Zealand,Portland Timbers,€1.7m,29,61,42,33,40,79,48
Joe Bell,27,MID,New Zealand,Viking,€3.4m,51,46,47,63,44,40,48
Marko Stamenic,24,MID,New Zealand,Swansea,€2.8m,46,49,41,52,52,51,47
Max Crocombe,32,GK,New Zealand,Millwall,€936k,26,39,53,53,52,19,46
Tyler Bindon,21,DEF,New Zealand,Sheffield Utd,€3.4m,28,51,52,30,52,30,45
Benjamin Old,23,FWD,New Zealand,St Etienne,€1.6m,28,51,32,35,73,58,45
Liberato Cacace,25,DEF,New Zealand,Wrexham,€2.3m,49,27,49,57,61,11,43
Michael Boxall,37,DEF,New Zealand,Minnesota United,€138k,59,39,26,92,40,28,39
Ryan Thomas,31,MID,New Zealand,Zwolle,€618k,26,51,27,51,62,23,38
Kosta Barbarouses,36,FWD,New Zealand,WS Wanderers,€285k,56,45,27,88,40,10,38
Francis De Vries,31,DEF,New Zealand,Auckland FC,€453k,19,66,28,45,40,26,37
Tim Payne,32,DEF,New Zealand,Wellington Phoenix,€323k,47,44,23,71,40,35,37
Alex Rufer,30,MID,New Zealand,Wellington Phoenix,€562k,30,55,24,52,40,36,36
Michael Woud,27,GK,New Zealand,Auckland FC,€245k,22,57,15,39,40,50,33
Alex Paulsen,23,GK,New Zealand,Lechia Gdansk,€475k,15,41,18,24,44,59,32
Callan Elliot,26,DEF,New Zealand,Auckland FC,€285k,17,53,14,32,40,50,31
Jesse Randall,23,FWD,New Zealand,Auckland FC,€95k,21,65,5,29,40,60,30
Lachlan Bayliss,23,MID,New Zealand,Newcastle Jets,€530k,7,57,15,17,40,49,30
Ben Waine,25,FWD,New Zealand,Port Vale,€380k,42,42,14,51,32,41,30
Sarpreet Singh,27,MID,New Zealand,Wellington Phoenix,€440k,41,34,16,55,52,15,29
Matthew Garbett,24,MID,New Zealand,Peterborough,€421k,48,42,14,54,32,28,28
Logan Rogerson,28,FWD,New Zealand,Auckland FC,€238k,27,47,12,45,40,26,28
Nando Pijnaker,27,DEF,New Zealand,Auckland FC,€176k,34,43,11,49,40,25,27
Tommy Smith,36,DEF,New Zealand,Braintree,€46k,35,22,10,70,20,18,23
Erling Haaland,25,FWD,Norway,Manchester City,€207.1m,75,66,109,66,100,64,95
Julian Ryerson,28,DEF,Norway,Dortmund,€25.2m,57,73,90,70,92,66,86
Martin Odegaard,27,MID,Norway,Arsenal,€68.2m,88,48,94,70,100,46,82
Jorgen Larsen,26,FWD,Norway,Crystal Palace,€38.0m,65,56,83,68,94,60,79
Alexander Sorloth,30,FWD,Norway,Atl. Madrid,€18.4m,87,54,78,77,98,60,77
Sander Berge,28,MID,Norway,Fulham,€24.5m,76,54,79,73,93,50,75
Leo Ostigard,26,DEF,Norway,Genoa,€12.7m,66,60,77,68,85,54,73
Kristoffer Ajer,28,DEF,Norway,Brentford,€17.4m,67,43,84,73,91,35,73
Antonio Nusa,21,FWD,Norway,RB Leipzig,€34.9m,37,66,77,38,80,44,67
Kristian Thorstvedt,27,MID,Norway,Sassuolo,€11.6m,48,54,66,60,84,62,67
Patrick Berg,28,MID,Norway,Bodo/Glimt,€8.2m,51,69,62,65,46,91,66
Andreas Schjelderup,22,FWD,Norway,Benfica,€30.6m,35,71,76,38,62,53,66
Jens Hauge,26,FWD,Norway,Bodo/Glimt,€12.4m,38,64,66,50,49,77,63
Fredrik Aursnes,30,MID,Norway,Benfica,€14.7m,31,60,74,53,62,42,63
Oscar Bobb,22,MID,Norway,Fulham,€27.4m,44,47,75,46,84,36,63
Torbjorn Lysaker Heggem,27,DEF,Norway,Bologna,€12.5m,15,36,78,33,77,46,61
David Wolfe,24,DEF,Norway,Wolves,€7.8m,42,43,67,49,82,31,58
Orjan Nyland,35,GK,Norway,Sevilla,€749k,71,31,57,89,86,30,58
Fredrik Bjorkan,27,DEF,Norway,Bodo/Glimt,€3.4m,33,53,57,48,45,68,55
Marcus Pedersen,25,DEF,Norway,Torino,€3.2m,43,41,54,52,83,43,55
Morten Thorsby,30,MID,Norway,Cremonese,€2.6m,62,42,47,77,94,20,54
Henrik Falchener,23,DEF,Norway,Viking,€6.0m,4,62,62,15,44,59,52
Egil Selvik,28,GK,Norway,Watford,€1.4m,7,51,53,29,52,65,51
Sander Tangvik,23,GK,Norway,Hamburger SV,€3.0m,20,39,59,28,74,6,46
Sondre Langas,25,DEF,Norway,Derby,€3.8m,3,41,57,18,52,23,44
Thelo Aasgaard,24,MID,Norway,Rangers,€2.8m,24,58,41,34,40,36,42
Michael Murillo,30,DEF,Panama,Besiktas,€6.9m,93,45,72,77,78,65,71
Adalberto Eliecer Carrasquilla Alcazar,27,MID,Panama,UNAM Pumas,€3.9m,73,55,50,70,56,77,58
Andres Andrade,27,DEF,Panama,LASK,€2.6m,51,60,53,63,46,74,58
Jose Cordoba,25,DEF,Panama,Norwich,€4.8m,34,56,61,44,52,60,56
Cesar Blackman,28,DEF,Panama,Slovan Bratislava,€2.5m,41,57,54,57,36,63,54
Jose Rodriguez,27,MID,Panama,Juarez,€2.5m,71,56,43,70,56,49,51
Ismael Diaz,29,FWD,Panama,Club Leon,€1.8m,64,53,40,75,56,52,51
Orlando Mosquera,31,GK,Panama,Al Fayha,€665k,49,50,44,70,40,59,50
Yoel Barcenas,32,FWD,Panama,Mazatlan FC,€636k,102,49,29,82,56,49,46
Jose Fajardo Nelson,32,FWD,Panama,U. Catolica,€523k,68,44,26,82,44,68,45
Anibal Godoy,36,MID,Panama,San Diego FC,€193k,124,58,21,91,40,55,44
Christian Martinez,29,MID,Panama,Kiryat Shmona,€783k,66,55,27,75,32,57,43
Cecilio Waterman,35,FWD,Panama,U. De Concepcion,€241k,54,43,21,84,40,62,42
Jorge Gutierrez,27,DEF,Panama,La Guaira,€783k,19,42,32,36,32,76,40
Luis Mejia,35,GK,Panama,Nacional,€145k,45,32,19,76,44,72,40
Jiovany Ramos,29,DEF,Panama,Puerto Cabello,€440k,25,47,22,46,32,82,39
Alberto Quintero,38,FWD,Panama,Plaza Amador,€71k,108,27,17,95,28,53,36
Tomas Rodriguez,27,FWD,Panama,Saprissa,€950k,17,27,28,35,32,70,35
Cesar Yanis,30,FWD,Panama,Cobresal,€391k,55,41,18,73,40,33,35
Fidel Escobar,31,DEF,Panama,Saprissa,€347k,104,23,22,80,32,28,33
Edgardo Farina,24,DEF,Panama,Pari NN,€842k,28,35,29,37,52,17,32
Carlos Harvey,26,DEF,Panama,Minnesota United,€587k,32,30,23,45,40,40,32
Eric Davis,35,DEF,Panama,Plaza Amador,€50k,94,29,9,89,28,49,32
Azarias Londono,24,FWD,Panama,U. Catolica,€993k,17,42,25,28,44,29,31
Roderick Miller,34,DEF,Panama,Turan Tovuz,€159k,41,26,16,71,24,35,29
Cesar Samudio,32,GK,Panama,Marathon,—,5,22,1,36,32,21,16
Gustavo Gomez,33,DEF,Paraguay,Palmeiras,€3.3m,99,53,67,84,64,100,74
Omar Alderete,29,DEF,Paraguay,Sunderland,€12.5m,42,47,80,60,97,56,74
Julio Enciso,22,MID,Paraguay,Strasbourg,€25.2m,37,69,73,40,80,81,72
Diego Gomez,23,MID,Paraguay,Brighton,€24.8m,47,41,74,51,85,35,62
Orlando Gill,26,GK,Paraguay,San Lorenzo,€5.5m,8,52,72,25,60,81,62
Miguel Almiron,32,FWD,Paraguay,Atlanta Utd,€6.7m,79,46,65,82,59,42,61
Junior Alonso,33,DEF,Paraguay,Atletico-MG,€1.4m,78,39,53,84,68,67,60
Ramon Sosa,26,MID,Paraguay,Palmeiras,€9.8m,30,50,63,43,64,55,57
Isidro Pitta,26,FWD,Paraguay,Bragantino,€7.1m,5,51,58,22,62,88,57
Mauricio,24,MID,Paraguay,Palmeiras,€14.5m,10,47,67,22,62,64,57
Juan Caceres,26,DEF,Paraguay,Dynamo Moscow,€5.2m,18,45,63,33,52,62,54
Damian Bobadilla,24,MID,Paraguay,Sao Paulo,€5.7m,22,48,52,32,62,73,53
Fabian Balbuena,34,DEF,Paraguay,Gremio,€881k,52,33,49,80,68,42,53
Andres Cubas,30,MID,Paraguay,Vancouver Whitecaps,€4.3m,37,55,55,58,43,47,53
Alex Arce,30,FWD,Paraguay,Ind. Rivadavia,€3.5m,16,51,52,41,60,52,51
Kaku,31,MID,Paraguay,Al Ain,€4.5m,36,54,57,60,32,41,51
Antonio Sanabria,30,FWD,Paraguay,Cremonese,€1.6m,55,35,40,73,94,28,50
Braian Ojeda,25,MID,Paraguay,Orlando City,€3.3m,30,48,45,41,40,86,50
Gaston Olveira,33,GK,Paraguay,Olimpia Asuncion,€489k,1,55,42,35,44,83,49
Gabriel Avalos,35,FWD,Paraguay,Independiente,€734k,22,56,39,57,60,47,48
Gustavo Velazquez,35,DEF,Paraguay,Cerro Porteno,€397k,14,47,39,50,44,69,47
Jose Canale,29,MID,Paraguay,Lanus,€2.1m,2,49,43,27,60,60,46
Alexandro Maidana,20,DEF,Paraguay,Talleres Cordoba,€2.4m,7,49,46,10,60,43,43
Matias Galarza,24,MID,Paraguay,Atlanta Utd,€2.9m,15,38,42,26,40,56,41
Roberto Fernandez,38,GK,Paraguay,Cerro Porteno,€94k,35,26,30,75,44,19,36
Gustavo Caballero,24,FWD,Paraguay,Portsmouth,€950k,10,34,25,22,62,27,31
Bruno Fernandes,31,MID,Portugal,Manchester Utd,€37.7m,109,96,90,80,100,69,94
Vitinha,26,MID,Portugal,PSG,€146.9m,63,72,104,68,86,58,91
Cristiano Ronaldo,41,FWD,Portugal,Al Nassr,€9.9m,175,70,93,100,60,70,87
Diogo Costa,26,GK,Portugal,FC Porto,€37.4m,90,64,101,68,62,66,85
Pedro Neto,26,FWD,Portugal,Chelsea,€61.3m,52,61,91,62,98,58,83
Nuno Mendes,23,DEF,Portugal,PSG,€85.1m,53,59,103,56,82,44,82
Bernardo Silva,31,MID,Portugal,Manchester City,€22.8m,128,58,82,80,100,62,82
Joao Cancelo,32,DEF,Portugal,Barcelona,€8.4m,87,62,79,82,98,68,82
Ruben Neves,29,MID,Portugal,Al Hilal,€25.5m,97,92,81,75,58,78,82
Diogo Dalot,27,DEF,Portugal,Manchester Utd,€28.9m,84,58,90,70,99,46,81
Ruben Dias,29,DEF,Portugal,Manchester City,€54.6m,110,36,103,75,97,25,81
Joao Neves,21,MID,Portugal,PSG,€143.0m,42,58,99,42,77,56,79
Matheus Nunes,27,MID,Portugal,Manchester City,€48.2m,20,62,88,37,91,74,79
Trincao,26,FWD,Portugal,Sporting CP,€40.3m,44,74,84,55,68,79,79
Joao Felix,26,FWD,Portugal,Al Nassr,€29.4m,64,88,80,68,57,68,77
Rafael Leao,27,FWD,Portugal,AC Milan,€50.3m,87,55,89,70,94,24,75
Rui Silva,32,GK,Portugal,Sporting CP,€6.5m,5,60,83,36,78,86,75
Goncalo Inacio,24,DEF,Portugal,Sporting CP,€40.8m,38,63,93,45,62,59,75
Francisco Conceicao,23,FWD,Portugal,Juventus,€30.2m,42,69,77,46,80,59,71
Renato Veiga,22,DEF,Portugal,Villarreal,€24.5m,29,52,83,33,84,62,70
Nelson Semedo,32,DEF,Portugal,Fenerbahce,€5.9m,50,47,73,73,78,39,66
Jose Sa,33,GK,Portugal,Wolves,€3.4m,18,45,75,49,96,39,66
Samu Costa,25,MID,Portugal,Mallorca,€14.3m,23,62,67,35,91,63,65
Goncalo Ramos,24,FWD,Portugal,PSG,€29.4m,59,39,77,63,80,30,64
Tomas Araujo,24,DEF,Portugal,Benfica,€30.2m,21,44,88,31,62,36,63
Goncalo Guedes,29,FWD,Portugal,Real Sociedad,€5.8m,53,55,58,69,98,29,61
Akram Afif,29,FWD,Qatar,Al-Sadd,€8.6m,141,96,64,75,33,61,66
Edmilson Junior,31,FWD,Qatar,Al-Duhail,€1.8m,16,63,43,43,32,47,45
Boualem Khoukhi,35,DEF,Qatar,Al-Sadd,€193k,104,57,22,89,32,65,44
Meshaal Barsham,28,GK,Qatar,Al-Sadd,€625k,57,46,33,70,32,50,42
Lucas Mendes,35,DEF,Qatar,Al Wakra,€347k,27,56,35,61,37,34,42
Almoez Ali,29,FWD,Qatar,Al-Duhail,€2.3m,130,30,44,75,32,21,41
Pedro Miguel,35,DEF,Qatar,Al-Sadd,€145k,97,54,17,89,32,64,41
Homam Al Amin,26,DEF,Qatar,Cultural Leonesa,€461k,70,37,18,68,44,63,38
Abdulaziz Hatem,35,MID,Qatar,Al Rayyan,€223k,90,36,20,89,32,34,36
Ahmed Fathi,33,MID,Qatar,Al Arabi,€245k,51,53,17,77,32,35,35
Ahmed Alaaeldin,33,FWD,Qatar,Al Rayyan,€272k,67,43,18,84,32,31,35
Hasan Al Haydos,35,MID,Qatar,Al-Sadd,€277k,119,32,24,89,32,14,34
Jassem Gaber,24,DEF,Qatar,Al Rayyan,€461k,50,42,17,55,32,58,34
Assim Omer Madibo,29,DEF,Qatar,Al Wakra,€328k,75,43,17,75,32,34,34
Mahmoud Abunada,26,GK,Qatar,Al Rayyan,€369k,7,47,18,24,32,61,31
Yusuf Abdurisag,26,FWD,Qatar,Al Wakra,€246k,59,42,12,67,32,41,31
Karim Boudiaf,35,MID,Qatar,Al-Duhail,€166k,101,38,16,89,32,7,30
Sultan Al Brake,30,DEF,Qatar,Al-Duhail,€281k,25,47,17,48,32,29,29
Salah Zakaria,27,GK,Qatar,Al-Duhail,€374k,15,42,19,33,32,39,29
Mohammed Muntari,32,FWD,Qatar,Al-Gharafa,€193k,73,29,13,82,32,5,27
Ahmed Al Ganehi,25,MID,Qatar,Al-Gharafa,€489k,22,38,15,34,32,30,26
Ayoub Al Oui,21,DEF,Qatar,Al-Gharafa,€319k,17,37,13,21,32,45,25
Mohammad Al Mannai,22,MID,Qatar,Shamal,€447k,17,44,14,23,32,29,24
Issa Laye,28,MID,Qatar,Al Arabi,€184k,5,38,11,27,32,30,23
Al Hashmi Al Hussain,22,DEF,Qatar,Al Arabi,€223k,22,37,11,27,32,17,21
Tahsin Jamshid,19,FWD,Qatar,Al-Duhail,€187k,12,36,8,12,32,6,16
Saud Abdulhamid,26,DEF,Saudi Arabia,Lens,€8.8m,72,58,71,68,75,62,69
Musab Al Juwayr,22,MID,Saudi Arabia,Al Qadsiah,€6.2m,63,81,52,59,40,65,57
Abdulelah Al Amri,29,DEF,Saudi Arabia,Al Nassr,€1.4m,59,58,46,74,40,78,56
Hassan Tambakti,27,DEF,Saudi Arabia,Al Hilal,€1.8m,69,55,48,70,40,66,53
Salem Al Dawsari,34,MID,Saudi Arabia,Al Hilal,€1.3m,98,59,45,86,40,47,52
Firas Al Buraikan,26,FWD,Saudi Arabia,Al Ahli SC,€3.3m,88,51,46,68,40,64,52
Mohamed Kanno,31,MID,Saudi Arabia,Al Hilal,€794k,82,65,31,80,40,81,51
Mohammed Al Owais,34,GK,Saudi Arabia,Al-Ula,€333k,61,61,35,86,24,78,51
Nawaf Mashari Abdulrahman Boushal,26,DEF,Saudi Arabia,Al Nassr,€1.4m,26,63,43,40,40,63,48
Moteb Al Harbi,26,DEF,Saudi Arabia,Al Hilal,€1.4m,19,55,43,34,40,66,46
Khalid Al Ghannam,25,FWD,Saudi Arabia,Al Ettifaq,€2.5m,21,65,41,33,40,55,45
Ali Majrashi,26,DEF,Saudi Arabia,Al Ahli SC,€1.4m,21,43,43,36,40,49,42
Hassan Kadesh,33,DEF,Saudi Arabia,Al Ittihad,€261k,21,57,21,52,40,73,41
Nasser Al Dawsari,27,MID,Saudi Arabia,Al Hilal,€868k,47,52,26,60,40,47,40
Abdullah Al Khaibari,29,MID,Saudi Arabia,Al Nassr,€702k,42,46,26,60,40,52,39
Ali Lajami,30,DEF,Saudi Arabia,Al Hilal,€713k,27,44,36,50,40,30,39
Mohammed Abu Al Shamat,23,MID,Saudi Arabia,Al Qadsiah,€1.8m,10,64,34,20,40,46,39
Ayman Yahya,25,FWD,Saudi Arabia,Al Nassr,€1.2m,42,45,29,51,40,40,38
Jehad Thakri,24,DEF,Saudi Arabia,Al Qadsiah,€1.1m,10,48,35,22,40,39,36
Saleh Al Shehri,32,FWD,Saudi Arabia,Al Ittihad,€496k,58,34,25,80,40,13,35
Ziyad Al Johani,24,MID,Saudi Arabia,Al Ahli SC,€760k,28,48,21,37,40,45,33
Sultan Mandash,31,FWD,Saudi Arabia,Al Hilal,€343k,7,55,18,35,40,37,32
Abdullah Al Hamdan,26,FWD,Saudi Arabia,Al Nassr,€352k,64,46,14,68,40,23,31
Alaa Hejji,30,MID,Saudi Arabia,Neom SC,€190k,3,53,12,30,40,45,29
Nawaf Al Aqidi,26,GK,Saudi Arabia,Al Nassr,€618k,28,27,28,42,40,6,28
Ahmed Ali Al Kassar,35,GK,Saudi Arabia,Al Qadsiah,€169k,9,27,21,46,40,4,26
Scott McTominay,29,MID,Scotland,Napoli,€38.6m,71,65,87,75,94,67,85
John McGinn,31,MID,Scotland,Aston Villa,€12.9m,95,56,74,80,100,74,79
Andrew Robertson,32,DEF,Scotland,Liverpool,€6.9m,97,55,76,82,100,55,77
Kieran Tierney,29,DEF,Scotland,Celtic,€7.6m,59,67,72,74,52,66,70
Ryan Christie,31,MID,Scotland,Bournemouth,€7.6m,76,48,66,80,92,38,66
Lewis Ferguson,26,MID,Scotland,Bologna,€13.3m,42,48,67,53,85,59,64
Billy Gilmour,25,MID,Scotland,Napoli,€19.6m,71,37,72,66,87,15,60
Che Adams,29,FWD,Scotland,Torino,€4.8m,48,55,55,65,94,41,60
Scott McKenna,29,DEF,Scotland,Din. Zagreb,€3.9m,64,52,62,75,49,48,59
Aaron Hickey,24,DEF,Scotland,Brentford,€15.0m,23,39,77,33,90,17,59
Nathan Patterson,24,DEF,Scotland,Everton,€9.2m,36,31,70,44,86,16,55
George Hirst,27,FWD,Scotland,Ipswich,€9.4m,29,51,63,45,55,34,53
Jack Hendry,31,DEF,Scotland,Al Ettifaq,€2.4m,39,42,58,62,40,49,53
Lawrence Shankland,30,FWD,Scotland,Hearts,€3.0m,25,63,50,48,40,55,51
Dominic Hyam,30,DEF,Scotland,Wrexham,€2.0m,10,53,53,36,52,53,51
Kenny McLean,34,MID,Scotland,Norwich,€397k,62,69,26,86,59,59,50
Ben Gannon-Doak,20,FWD,Scotland,Bournemouth,€14.5m,27,33,63,27,81,15,49
Angus Gunn,30,GK,Scotland,Nottingham,€936k,36,30,50,57,83,22,49
John Souttar,29,DEF,Scotland,Rangers,€2.0m,44,41,52,62,40,20,46
Ross Stewart,29,FWD,Scotland,Southampton,€2.3m,3,50,44,28,53,35,42
Lyndon Dykes,30,FWD,Scotland,Charlton,€749k,52,46,28,71,52,43,42
Anthony Ralston,27,DEF,Scotland,Celtic,€1.5m,36,38,45,50,40,23,41
Grant Hanley,34,DEF,Scotland,Hibernian,€190k,65,44,18,86,48,39,39
Findlay Curtis,19,MID,Scotland,Rangers,€2.0m,8,59,32,9,40,48,36
Liam Kelly,30,GK,Scotland,Rangers,€760k,9,24,45,35,40,4,34
Tyler Fletcher,19,MID,Scotland,Manchester Utd,€1.4m,19,25,26,18,80,29,33
Craig Gordon,43,GK,Scotland,Hearts,€48k,50,27,17,92,47,5,32
Ismaila Sarr,28,FWD,Senegal,Crystal Palace,€40.8m,84,55,87,73,100,77,85
Moussa Niakhate,30,DEF,Senegal,Lyon,€14.9m,44,67,84,64,92,64,80
Edouard Mendy,34,GK,Senegal,Al Ahli SC,€4.0m,58,61,80,85,54,78,77
Iliman Ndiaye,26,FWD,Senegal,Everton,€53.8m,41,49,89,52,90,53,76
Pape Gueye,27,MID,Senegal,Villarreal,€39.7m,42,53,85,55,95,52,76
Sadio Mane,34,FWD,Senegal,Al Nassr,€6.5m,114,71,69,86,60,69,73
Lamine Camara,22,MID,Senegal,Monaco,€38.6m,50,59,80,51,81,56,71
El Hadji Malick Diouf,21,DEF,Senegal,West Ham,€27.0m,20,54,84,23,83,66,70
Nicolas Jackson,24,FWD,Senegal,Bayern Munich,€39.1m,34,44,82,42,87,43,67
Yehvann Diouf,27,GK,Senegal,Nice,€6.7m,10,44,76,29,85,67,65
Habib Diarra,22,MID,Senegal,Sunderland,€33.8m,28,46,78,32,91,40,64
Pape Matar Sarr,23,MID,Senegal,Tottenham,€28.9m,43,42,76,47,96,25,63
Kalidou Koulibaly,34,DEF,Senegal,Al Hilal,€4.6m,99,44,74,86,60,23,62
Pathe Ciss,32,MID,Senegal,Rayo Vallecano,€1.7m,32,57,44,58,93,84,61
Assane Diao,20,FWD,Senegal,Como,€29.4m,21,44,74,22,80,56,61
Ismail Jakobs,26,DEF,Senegal,Galatasaray,€8.1m,40,42,70,52,70,48,60
Antoine Mendy,22,DEF,Senegal,Nice,€9.4m,9,43,68,17,79,75,60
Bamba Dieng,26,FWD,Senegal,Lorient,€14.3m,23,48,68,37,83,38,59
Mamadou Sarr,20,DEF,Senegal,Chelsea,€20.6m,33,30,79,32,85,24,58
Krepin Diatta,27,MID,Senegal,Monaco,€6.0m,68,45,56,70,83,35,57
Mory Diaw,32,GK,Senegal,Le Havre,€830k,6,51,51,37,82,61,55
Idrissa Gueye,36,MID,Senegal,Everton,€496k,110,47,36,91,100,33,54
Ibrahim Mbaye,18,FWD,Senegal,PSG,€29.8m,29,39,73,24,75,19,54
Cherif Ndiaye,30,FWD,Senegal,Samsunspor,€4.8m,19,38,57,43,58,43,50
Abdoulaye Seck,34,DEF,Senegal,Maccabi Haifa,€380k,22,40,33,55,32,50,39
Bara Sapoko Ndiaye,18,MID,Senegal,Bayern Munich,—,1,24,1,1,75,14,17
Ronwen Williams,34,GK,South Africa,Mamelodi Sundowns,€760k,68,53,54,86,44,97,64
Teboho Mokoena,29,MID,South Africa,Mamelodi Sundowns,€2.8m,66,64,47,75,44,83,58
Aubrey Modiba,30,DEF,South Africa,Mamelodi Sundowns,€1.8m,49,55,52,68,44,76,57
Khuliso Mudau,31,DEF,South Africa,Mamelodi Sundowns,€1.2m,35,55,47,59,44,86,55
Lyle Foster,25,FWD,South Africa,Burnley,€7.4m,40,38,57,49,85,27,53
Nkosinathi Sibisi,30,DEF,South Africa,Orlando Pirates,€1.5m,24,59,49,47,44,61,51
Sipho Chaine,29,GK,South Africa,Orlando Pirates,€1.5m,4,54,55,28,44,58,50
Oswin Appollis,24,FWD,South Africa,Orlando Pirates,€2.5m,35,80,40,43,44,62,50
Relebohile Mofokeng,21,FWD,South Africa,Orlando Pirates,€3.1m,19,79,40,23,44,60,47
Iqraam Rayners,30,FWD,South Africa,Mamelodi Sundowns,€2.7m,21,43,48,45,44,44,46
Mbekezile Mbokazi,20,DEF,South Africa,Chicago Fire,€2.4m,16,54,46,18,40,67,45
Olwethu Makhanya,22,DEF,South Africa,Philadelphia Union,€2.1m,1,58,45,10,40,72,45
Thalente Mbatha,26,MID,South Africa,Orlando Pirates,€2.0m,18,62,38,33,44,54,44
Jayden Adams,25,MID,South Africa,Mamelodi Sundowns,€1.7m,11,49,35,25,44,75,43
Ime Okon,22,DEF,South Africa,Hannover,€1.9m,9,43,44,17,48,55,42
Ricardo Goss,32,GK,South Africa,Siwelele,€369k,7,54,29,38,44,64,41
Samukelo Kabini,22,DEF,South Africa,Molde,€2.3m,6,39,46,14,44,43,40
Thabang Matuludi,27,MID,South Africa,Polokwane,€1.2m,7,59,31,26,44,52,39
Bradley Cross,25,DEF,South Africa,Kaizer Chiefs,€936k,1,52,33,17,44,61,39
Tshepang Moremi,25,FWD,South Africa,Orlando Pirates,€1.4m,12,60,32,26,44,42,38
Themba Zwane,36,MID,South Africa,Mamelodi Sundowns,€245k,52,35,25,84,44,26,38
Kamogelo Sebelebele,23,FWD,South Africa,Orlando Pirates,€1.2m,8,60,27,18,44,52,37
Evidence Makgopa,26,FWD,South Africa,Orlando Pirates,€1.3m,32,48,32,45,44,22,36
Khulumani Ndamane,22,DEF,South Africa,Mamelodi Sundowns,€783k,6,51,24,14,44,72,36
Yaya Sithole,27,MID,South Africa,Tondela,€545k,29,40,19,45,62,25,33
Thapelo Maseko,22,FWD,South Africa,AEL Limassol,€681k,11,25,18,18,44,36,25
Heung-Min Son,33,FWD,South Korea,Los Angeles FC,€15.7m,146,75,81,84,60,88,82
Min-Jae Kim,29,DEF,South Korea,Bayern Munich,€19.9m,80,54,87,75,86,64,81
Kang-In Lee,25,MID,South Korea,PSG,€28.6m,76,54,78,66,91,47,72
Young-Woo Seol,27,DEF,South Korea,Crvena zvezda,€6.5m,53,56,67,65,52,77,65
Hee-Chan Hwang,30,FWD,South Korea,Wolves,€5.6m,91,44,59,77,95,33,61
Jae-Sung Lee,33,MID,South Korea,Mainz,€2.0m,105,51,49,84,90,32,58
Hyeon-Gyu Oh,25,FWD,South Korea,Besiktas,€14.7m,29,53,68,40,58,49,58
Seung-Gyu Kim,35,GK,South Korea,FC Tokyo,€468k,87,51,50,89,44,61,56
In-Beom Hwang,29,MID,South Korea,Feyenoord,€7.2m,77,51,62,75,62,16,56
Hyeon-Woo Jo,34,GK,South Korea,Ulsan HD,€627k,48,29,51,76,40,89,55
Han-Beom Lee,23,DEF,South Korea,Midtjylland,€3.0m,20,60,51,28,44,79,52
Jens Castrop,22,MID,South Korea,B. Monchengladbach,€9.5m,22,41,58,27,77,32,50
Seung-Ho Paik,29,MID,South Korea,Birmingham,€1.9m,41,57,41,59,52,56,50
Tae-Seok Lee,23,DEF,South Korea,Austria Vienna,€1.9m,28,60,44,35,44,60,47
Gue-Sung Cho,28,FWD,South Korea,Midtjylland,€2.3m,49,46,43,64,44,46,47
Bum-Keun Song,28,GK,South Korea,Jeonbuk,€936k,27,27,46,45,40,75,46
Hyun-Jun Yang,24,MID,South Korea,Celtic,€4.8m,15,52,50,26,40,56,46
Dong-Gyeong Lee,28,MID,South Korea,Ulsan HD,€1.7m,31,46,38,49,40,67,45
Jin-Gyu Kim,29,MID,South Korea,Jeonbuk,€1.2m,32,38,34,52,40,75,44
Moon-Hwan Kim,30,DEF,South Korea,Daejeon,€702k,40,36,36,61,40,58,43
Jin-Seob Park,30,MID,South Korea,Zhejiang Professional,€979k,21,48,32,45,36,71,42
Yu-Min Cho,29,DEF,South Korea,Al Sharjah,€1.6m,28,41,48,48,32,28,42
Jun-Ho Bae,22,MID,South Korea,Stoke,€3.9m,30,45,45,34,52,29,42
Tae-Hyeon Kim,25,DEF,South Korea,Kashima Antlers,€1.1m,13,47,37,27,44,65,42
Ji-Sung Eom,24,MID,South Korea,Swansea,€1.8m,24,57,35,34,52,31,40
Gi-Hyuk Lee,25,DEF,South Korea,Gangwon,€806k,4,44,29,19,40,81,39
Wi-Je Cho,24,DEF,South Korea,Jeonbuk,€538k,2,38,19,15,40,69,31
Pedri,23,MID,Spain,Barcelona,€157.4m,58,73,102,60,94,69,92
David Raya,30,GK,Spain,Arsenal,€28.9m,13,57,102,38,97,84,88
Marc Cucurella,27,DEF,Spain,Chelsea,€49.6m,54,47,99,65,100,70,87
Dani Olmo,28,MID,Spain,Barcelona,€60.4m,78,67,93,73,94,63,87
Unai Simon,29,GK,Spain,Ath Bilbao,€20.3m,76,48,96,75,98,64,86
Martin Zubimendi,27,MID,Spain,Arsenal,€75.5m,39,56,95,53,100,67,84
Rodri,29,MID,Spain,Manchester City,€50.3m,76,64,92,75,100,47,84
Eric Garcia,25,DEF,Spain,Barcelona,€40.3m,58,65,93,64,94,52,83
Marcos Llorente,31,DEF,Spain,Atl. Madrid,€19.9m,33,53,90,57,98,74,83
Lamine Yamal,18,FWD,Spain,Barcelona,€221.3m,35,84,104,29,88,39,82
Joan Garcia,25,GK,Spain,Barcelona,€44.0m,5,63,103,20,85,72,82
Ferran Torres,26,FWD,Spain,Barcelona,€48.9m,96,60,87,68,98,51,81
Pau Cubarsi,19,DEF,Spain,Barcelona,€81.7m,34,63,99,31,86,60,80
Mikel Oyarzabal,29,FWD,Spain,Real Sociedad,€25.5m,89,65,81,75,98,55,80
Pedro Porro,26,DEF,Spain,Tottenham,€35.2m,25,68,92,39,96,56,80
Alejandro Grimaldo,30,DEF,Spain,Bayer Leverkusen,€21.3m,17,70,90,41,84,71,80
Aymeric Laporte,32,DEF,Spain,Ath Bilbao,€8.2m,68,51,79,82,97,57,78
Fabian Ruiz,30,MID,Spain,PSG,€31.1m,56,53,86,74,92,39,76
Alex Baena,24,FWD,Spain,Atl. Madrid,€39.7m,47,56,82,53,91,58,74
Yeremy Pino,23,FWD,Spain,Crystal Palace,€29.8m,45,55,77,49,97,53,71
Marc Pubill,22,DEF,Spain,Atl. Madrid,€34.3m,17,52,88,23,83,62,71
Mikel Merino,29,MID,Spain,Arsenal,€25.5m,77,32,81,75,100,5,66
Nico Williams,23,FWD,Spain,Ath Bilbao,€40.8m,35,47,82,41,93,25,65
Gavi,21,MID,Spain,Barcelona,€30.2m,30,37,75,32,90,44,61
Victor Munoz,22,FWD,Spain,Osasuna,€28.9m,2,58,75,11,81,51,61
Borja Iglesias,33,FWD,Spain,Celta Vigo,€2.5m,8,49,52,41,98,47,56
Viktor Gyökeres,28,FWD,Sweden,Arsenal,€67.3m,50,59,95,64,84,76,85
Alexander Isak,26,FWD,Sweden,Liverpool,€85.6m,75,35,96,68,100,32,78
Gabriel Gudmundsson,27,DEF,Sweden,Leeds,€19.3m,28,45,84,44,94,48,71
Victor Lindelof,31,DEF,Sweden,Aston Villa,€4.6m,87,36,68,80,100,56,69
Isak Hien,27,DEF,Sweden,Atalanta,€20.9m,29,46,85,45,86,34,68
Gustaf Lagerbielke,26,DEF,Sweden,Braga,€9.5m,16,54,72,32,62,90,66
Anthony Elanga,24,FWD,Sweden,Newcastle,€30.4m,41,46,78,48,94,27,65
Yasin Ayari,22,MID,Sweden,Brighton,€34.3m,42,41,78,44,87,34,63
Daniel Svensson,24,MID,Sweden,Dortmund,€21.5m,33,50,73,41,79,42,61
Benjamin Nygren,24,FWD,Sweden,Celtic,€13.9m,39,66,66,46,40,77,61
Mattias Svanberg,27,MID,Sweden,Wolfsburg,€7.6m,67,39,60,70,94,24,58
Carl Starfelt,31,DEF,Sweden,Celta Vigo,€4.3m,18,40,67,45,85,30,57
Jesper Karlstrom,30,MID,Sweden,Udinese,€3.8m,32,46,53,54,82,57,57
Lucas Bergvall,20,MID,Sweden,Tottenham,€33.8m,18,37,76,20,85,20,56
Viktor Johansson,27,GK,Sweden,Stoke,€11.4m,17,28,84,35,52,6,53
Hjalmar Ekdal,27,DEF,Sweden,Burnley,€4.8m,14,34,63,32,83,26,52
Eric Smith,29,MID,Sweden,St. Pauli,€4.7m,7,47,55,31,80,33,51
Jacob Widell Zetterstrom,27,GK,Sweden,Derby,€2.4m,3,46,60,23,52,28,47
Besfort Zeneli,23,MID,Sweden,Royale Union SG,€5.9m,13,52,52,22,58,42,47
Elliot Stroud,23,MID,Sweden,Mjallby,€5.1m,1,51,50,12,44,53,44
Herman Johansson,28,MID,Sweden,FC Dallas,€1.8m,3,57,39,25,40,62,43
Kristoffer Nordfeldt,36,GK,Sweden,AIK,€164k,19,42,26,57,44,78,43
Alexander Bernhardsson,27,FWD,Sweden,Holstein Kiel,€2.9m,11,36,45,30,50,25,39
Ken Sema,32,MID,Sweden,Pafos,€783k,36,23,32,62,43,31,37
Gustaf Nilsson,29,FWD,Sweden,Club Brugge KV,€1.7m,20,25,39,42,58,7,36
Taha Ali,27,FWD,Sweden,Malmo FF,€1.5m,2,40,35,22,44,30,34
Gregor Kobel,28,GK,Switzerland,Dortmund,€38.6m,37,63,104,54,94,67,89
Manuel Akanji,30,DEF,Switzerland,Inter,€16.6m,85,62,86,77,94,71,85
Granit Xhaka,33,MID,Switzerland,Sunderland,€8.2m,155,74,71,84,100,67,80
Denis Zakaria,29,MID,Switzerland,Monaco,€24.1m,79,61,80,75,92,60,79
Nico Elvedi,29,DEF,Switzerland,B. Monchengladbach,€8.1m,82,66,73,75,94,65,77
Breel Embolo,29,FWD,Switzerland,Rennes,€14.5m,88,66,72,75,92,54,74
Johan Manzambi,20,MID,Switzerland,Freiburg,€49.6m,36,60,82,35,78,81,74
Remo Freuler,34,MID,Switzerland,Bologna,€3.0m,94,58,57,86,94,78,72
Dan Ndoye,25,FWD,Switzerland,Nottingham,€31.3m,66,45,79,66,92,33,69
Ruben Vargas,27,MID,Switzerland,Sevilla,€11.7m,69,49,67,70,97,57,69
Fabian Rieder,24,FWD,Switzerland,Augsburg,€11.4m,58,57,63,62,82,63,65
Djibril Sow,29,MID,Switzerland,Sevilla,€7.2m,78,50,62,75,98,42,65
Yvon Mvogo,32,GK,Switzerland,Lorient,€2.4m,28,54,68,55,81,53,64
Noah Okafor,26,FWD,Switzerland,Leeds,€23.8m,43,46,76,54,87,28,64
Ricardo Rodriguez,33,DEF,Switzerland,Betis,€1.4m,134,42,53,84,98,52,63
Michel Aebischer,29,MID,Switzerland,Pisa,€3.8m,50,55,52,67,87,58,60
Aurele Amenda,22,DEF,Switzerland,Eintracht Frankfurt,€9.8m,28,47,69,32,78,50,59
Silvan Widmer,33,DEF,Switzerland,Mainz,€760k,65,50,44,84,94,51,59
Ardon Jashari,23,MID,Switzerland,AC Milan,€24.5m,20,41,74,28,76,30,57
Marvin Keller,23,GK,Switzerland,Young Boys,€5.8m,11,56,70,21,48,53,55
Eray Comert,28,DEF,Switzerland,Valencia,€2.4m,38,45,53,54,87,37,55
Miro Muheim,28,DEF,Switzerland,Hamburger SV,€5.0m,18,50,65,38,78,23,55
Luca Jaquez,23,DEF,Switzerland,Stuttgart,€9.2m,9,39,69,19,76,27,52
Zeki Amdouni,25,FWD,Switzerland,Burnley,€6.9m,47,31,56,55,84,12,50
Cedric Itten,29,FWD,Switzerland,Dusseldorf,€1.7m,28,55,39,48,49,39,44
Christian Fassnacht,32,FWD,Switzerland,Young Boys,€1.9m,23,53,46,51,48,17,44
Montassar Talbi,28,DEF,Tunisia,Lorient,€7.7m,62,56,71,73,81,44,68
Ellyes Skhiri,31,MID,Tunisia,Eintracht Frankfurt,€4.8m,80,44,58,80,94,56,65
Hannibal Mejbri,23,MID,Tunisia,Burnley,€14.7m,47,49,66,51,84,31,59
Ali Abdi,32,DEF,Tunisia,Nice,€2.0m,49,46,57,73,77,41,58
Rani Khedira,32,MID,Tunisia,Union Berlin,€1.8m,8,39,45,38,94,52,51
Anis Slimane,25,MID,Tunisia,Norwich,€3.7m,43,52,47,52,54,41,48
Adem Arous,21,DEF,Tunisia,Kasimpasa,€4.1m,2,46,55,8,58,59,48
Yan Valery,27,DEF,Tunisia,Young Boys,€1.4m,26,46,44,42,59,43,46
Mortadha Ben Ouanes,31,MID,Tunisia,Kasimpasa,€1.4m,15,40,40,42,58,50,44
Sebastian Tounekti,23,FWD,Tunisia,Celtic,€4.8m,16,49,49,25,40,39,43
Mohamed Ben Hamida,30,DEF,Tunisia,Esperance Tunis,€936k,13,37,42,38,32,66,43
Elias Achouri,27,FWD,Tunisia,FC Copenhagen,€2.8m,29,45,45,45,44,27,42
Ismael Gharbi,22,MID,Tunisia,Augsburg,€4.7m,22,28,47,27,76,17,42
Elias Saad,26,FWD,Tunisia,Hannover,€1.9m,14,41,37,30,77,21,40
Aymen Dahmen,29,GK,Tunisia,CS Sfaxien,€715k,36,27,40,55,32,44,40
Mohamed Belhadj,26,MID,Tunisia,Lugano,€1.8m,8,40,37,25,48,39,37
Firas Chaouat,30,FWD,Tunisia,Club Africain,€1.1m,28,28,34,51,32,42,36
Dylan Bronn,30,DEF,Tunisia,Servette,€570k,51,29,30,70,58,3,36
Hazem Mastouri,28,FWD,Tunisia,Dynamo Makhachkala,€817k,18,37,27,38,52,38,35
Abdelmouhib Chamakh,24,GK,Tunisia,Club Africain,€783k,3,25,31,16,32,61,33
Moutaz Neffati,21,DEF,Tunisia,Norrkoping,€1.2m,7,33,33,13,24,47,31
Omar Rekik,24,DEF,Tunisia,Maribor,€496k,8,32,17,20,36,57,28
Rayan Elloumi,18,FWD,Tunisia,Vancouver Whitecaps,€749k,5,31,16,4,40,26,21
Sabri Ben Hessen,30,GK,Tunisia,Etoile Sahel,—,8,22,1,34,32,44,19
Khalil Ayari,21,FWD,Tunisia,PSG U23,€272k,12,27,11,17,32,11,17
Raed Chikhaoui,22,DEF,Tunisia,Monastir,—,1,22,1,10,32,37,15
Ferdi Kadioglu,26,DEF,Turkey,Brighton,€34.3m,68,61,92,68,84,61,82
Zeki Celik,29,DEF,Turkey,AS Roma,€13.5m,61,58,81,75,94,64,80
Arda Guler,21,MID,Turkey,Real Madrid,€91.9m,36,69,92,37,85,53,77
Ugurcan Cakir,30,GK,Turkey,Galatasaray,€14.9m,45,56,92,65,58,61,76
Kenan Yildiz,21,FWD,Turkey,Juventus,€77.7m,42,73,90,42,84,46,76
Hakan Calhanoglu,32,MID,Turkey,Inter,€17.0m,115,49,80,82,94,48,76
Ozan Kabak,26,DEF,Turkey,Hoffenheim,€14.9m,46,56,79,57,90,64,74
Orkun Kokcu,25,MID,Turkey,Besiktas,€25.5m,62,80,76,66,58,61,73
Kerem Akturkoglu,27,FWD,Turkey,Fenerbahce,€19.6m,52,62,74,64,62,61,69
Baris Yilmaz,26,FWD,Turkey,Galatasaray,€28.1m,42,58,79,53,58,57,67
Abdulkerim Bardakci,31,DEF,Turkey,Galatasaray,€6.4m,29,54,73,54,58,57,63
Merih Demiral,28,DEF,Turkey,Al Ahli SC,€11.7m,87,39,78,73,49,45,63
Yunus Akgun,25,FWD,Turkey,Galatasaray,€17.4m,45,55,70,53,58,41,60
Ismail Yuksek,27,MID,Turkey,Fenerbahce,€15.1m,32,54,70,47,58,44,59
Mert Muldur,27,DEF,Turkey,Fenerbahce,€6.9m,56,48,68,67,66,27,59
Can Uzun,20,MID,Turkey,Eintracht Frankfurt,€44.0m,14,47,80,16,78,30,59
Caglar Soyuncu,30,DEF,Turkey,Fenerbahce,€3.3m,65,36,61,77,73,23,56
Irfan Kahveci,30,FWD,Turkey,Kasimpasa,€2.9m,56,49,49,74,58,50,54
Altay Bayindir,28,GK,Turkey,Manchester Utd,€4.7m,22,25,72,41,81,4,52
Mert Gunok,37,GK,Turkey,Fenerbahce,€475k,35,26,58,72,58,24,50
Eren Elmali,25,DEF,Turkey,Galatasaray,€4.8m,27,47,61,38,58,28,50
Salih Ozcan,28,MID,Turkey,Dortmund,€3.4m,67,29,49,73,92,9,50
Kaan Ayhan,31,DEF,Turkey,Galatasaray,€1.4m,82,32,50,80,72,15,50
Samet Akaydin,32,DEF,Turkey,Rizespor,€1.2m,19,49,49,48,58,40,49
Deniz Gul,21,FWD,Turkey,FC Porto,€4.7m,20,48,47,23,62,51,46
Oguz Aydin,25,MID,Turkey,Fenerbahce,€6.9m,13,39,56,27,58,16,44
Federico Valverde,27,MID,Uruguay,Real Madrid,€91.9m,82,70,98,70,98,61,90
Maximiliano Araujo,26,FWD,Uruguay,Sporting CP,€33.3m,44,68,81,55,62,79,75
Mathias Olivera,28,DEF,Uruguay,Napoli,€14.9m,52,55,81,66,94,47,75
Fernando Muslera,39,GK,Uruguay,Estudiantes L.P.,€645k,105,52,69,98,69,72,73
Rodrigo Bentancur,28,MID,Uruguay,Tottenham,€19.3m,87,43,75,73,100,41,71
Jose Gimenez,31,DEF,Uruguay,Atl. Madrid,€8.8m,106,38,78,80,98,34,71
Giorgian de Arrascaeta,32,MID,Uruguay,Flamengo RJ,€14.3m,66,47,77,82,62,43,68
Ronald Araujo,27,DEF,Uruguay,Barcelona,€19.3m,32,46,84,47,92,25,67
Santiago Bueno,27,DEF,Uruguay,Wolves,€9.4m,22,44,73,39,90,61,66
Rodrigo Zalazar Martinez,26,MID,Uruguay,Braga,€30.2m,16,60,80,32,65,50,64
Brian Rodriguez,26,FWD,Uruguay,Liga MX All-Stars,€7.8m,40,64,59,52,56,83,62
Manuel Ugarte,25,MID,Uruguay,Manchester Utd,€23.4m,40,36,75,49,88,28,61
Agustin Canobbio,27,FWD,Uruguay,Fluminense,€7.7m,30,53,60,45,62,74,59
Sergio Rochet,33,GK,Uruguay,Internacional,€1.7m,35,36,64,63,62,56,59
Joaquin Piquerez,27,DEF,Uruguay,Palmeiras,€11.7m,25,36,77,41,62,25,56
Guillermo Varela,33,DEF,Uruguay,Flamengo RJ,€950k,35,46,47,63,64,74,55
Nicolas de la Cruz,29,MID,Uruguay,Flamengo RJ,€7.8m,51,41,63,68,62,26,55
Matias Vina,28,DEF,Uruguay,River Plate,€3.3m,56,38,58,69,66,35,55
Sebastian Caceres,26,DEF,Uruguay,Club America,€4.4m,35,48,60,47,56,45,54
Federico Vinas,27,FWD,Uruguay,Oviedo,€3.9m,18,54,50,35,81,58,54
Darwin Nunez,26,FWD,Uruguay,Al Hilal,€19.3m,52,38,73,62,50,7,54
Rodrigo Aguirre,31,FWD,Uruguay,Tigres UANL,€2.2m,17,44,46,44,58,77,52
Juan Sanabria,26,MID,Uruguay,Real Salt Lake,€3.9m,26,61,48,40,40,45,47
Santiago Mele,28,GK,Uruguay,Monterrey,€1.9m,25,29,58,44,56,27,47
Facundo Pellistri,24,FWD,Uruguay,Panathinaikos,€4.6m,39,31,49,46,50,25,43
Weston McKennie,27,MID,USA,Juventus,€28.1m,69,72,80,70,94,69,82
Antonee Robinson,28,DEF,USA,Fulham,€21.8m,55,60,87,69,96,56,81
Chris Richards,26,DEF,USA,Crystal Palace,€26.2m,44,56,88,55,93,69,80
Christian Pulisic,27,FWD,USA,AC Milan,€38.6m,90,58,85,70,94,41,77
Folarin Balogun,24,FWD,USA,Monaco,€37.4m,47,67,81,53,83,65,76
Tyler Adams,27,MID,USA,Bournemouth,€23.8m,63,46,77,70,96,41,71
Timothy Weah,26,MID,USA,Marseille,€19.0m,66,55,73,68,90,43,69
Brenden Aaronson,25,MID,USA,Leeds,€20.9m,58,43,73,64,90,49,68
Malik Tillman,24,MID,USA,Bayer Leverkusen,€28.9m,43,56,77,49,78,40,66
Sergino Dest,25,DEF,USA,PSV,€18.6m,50,56,81,58,68,29,66
Matt Turner,31,GK,USA,New England Revolution,€2.4m,54,59,66,75,42,75,65
Ricardo Pepi,23,FWD,USA,PSV,€29.8m,44,61,77,48,64,42,64
Mark McKenzie,27,DEF,USA,Toulouse,€6.7m,34,52,68,49,78,52,62
Joe Scally,23,DEF,USA,B. Monchengladbach,€6.6m,32,42,64,38,90,50,59
Alex Zendejas,28,MID,USA,Club America,€10.1m,21,54,65,40,56,62,58
Cristian Roldan,31,MID,USA,Seattle Sounders,€3.5m,47,61,54,69,40,66,57
Matt Freese,27,GK,USA,New York City,€1.9m,16,53,57,34,40,94,56
Sebastian Berhalter,25,MID,USA,Vancouver Whitecaps,€8.1m,14,80,59,28,40,66,56
Auston Trusty,27,DEF,USA,Celtic,€6.1m,11,52,66,30,43,60,55
Haji Wright,28,FWD,USA,Coventry,€15.4m,24,48,72,43,53,21,54
Max Arfsten,25,FWD,USA,Columbus Crew,€4.8m,20,70,51,33,40,71,52
Tim Ream,38,DEF,USA,Charlotte,€143k,77,48,36,95,50,60,52
Miles Robinson,29,DEF,USA,FC Cincinnati,€3.4m,44,46,60,62,40,33,52
Alex Freeman,21,DEF,USA,Villarreal,€3.4m,22,52,52,25,79,44,51
Chris Brady,22,GK,USA,Chicago Fire,€2.3m,10,52,54,17,40,75,50
Giovanni Reyna,23,MID,USA,B. Monchengladbach,€3.8m,47,39,45,51,88,14,47
Abdukodir Khusanov,22,DEF,Uzbekistan,Manchester City,€48.9m,43,58,93,45,85,72,81
Eldor Shomurodov,30,FWD,Uzbekistan,Basaksehir,€6.8m,98,57,62,77,71,63,66
Khozhiakbar Alizhonov,29,DEF,Uzbekistan,Pakhtakor,€1.3m,57,22,45,72,34,80,49
Abbosbek Fayzullaev,22,FWD,Uzbekistan,Basaksehir,€6.8m,59,44,53,58,58,21,49
Utkir Yusupov,35,GK,Uzbekistan,Navbahor Namangan,€489k,44,23,50,75,34,56,48
Azizjon Ganiev,28,MID,Uzbekistan,Al Bataeh,€1.8m,35,48,39,52,32,53,43
Abduvakhid Nematov,25,GK,Uzbekistan,Nasaf Qarshi,€1.4m,30,28,50,41,34,50,43
Sherzod Nasrullaev,27,DEF,Uzbekistan,Pakhtakor,€1.1m,38,26,40,52,34,65,43
Otabek Shukurov,29,MID,Uzbekistan,Bani Yas,€1.5m,93,35,37,75,32,41,42
Jamshid Iskanderov,32,MID,Uzbekistan,Neftchi Fargona,€1.1m,40,23,38,65,34,48,40
Umar Eshmurodov,33,DEF,Uzbekistan,Nasaf Qarshi,€440k,36,27,33,64,34,44,38
Rustam Ashurmatov,29,DEF,Uzbekistan,Esteghlal F.C.,€702k,63,31,33,75,32,28,38
Igor Sergeev,33,FWD,Uzbekistan,Persepolis,€1.1m,82,25,40,84,32,1,37
Farrukh Sayfiev,35,DEF,Uzbekistan,Neftchi Fargona,€195k,59,24,22,88,34,48,37
Odildzhon Khamrobekov,30,MID,Uzbekistan,Tractor,€964k,87,30,32,77,32,20,37
Akmal Mozgovoy,27,MID,Uzbekistan,Pakhtakor,€1.3m,21,28,33,38,34,53,36
Jaloliddin Masharipov,32,FWD,Uzbekistan,Esteghlal F.C.,€1.0m,79,24,36,82,32,0,35
Dostonbek Khamdamov,29,FWD,Uzbekistan,Pakhtakor,€855k,51,25,29,68,34,34,35
Oston Urunov,25,FWD,Uzbekistan,Persepolis,€1.9m,47,23,36,55,32,22,35
Botirali Ergashev,30,GK,Uzbekistan,Neftchi Fargona,€397k,9,22,25,35,34,56,32
Ruslanbek Jiyanov,25,FWD,Uzbekistan,Navbahor Namangan,€772k,36,23,22,46,34,43,30
Abdulla Abdullaev,28,MID,Uzbekistan,Dibba Al Fujairah,€695k,34,29,24,51,32,10,28
Jakhongir Urozov,22,DEF,Uzbekistan,Din. Samarkand,€519k,22,25,17,27,34,58,28
Azizbek Amonov,28,FWD,Uzbekistan,Din. Samarkand,€454k,11,25,18,32,34,35,25
Sherzod Esanov,23,MID,Uzbekistan,Buxoro,€415k,20,23,14,28,34,36,23
Bekhruz Karimov,18,DEF,Uzbekistan,Termez Surkhon,€343k,12,25,12,10,34,29,19
Avazbek Ulmasaliev,26,DEF,Uzbekistan,OKMK,—,2,22,1,20,34,48,18